segment,bin,golden_i,golden_q
0,0,17,-16
0,1,17,-16
0,2,18,-16
0,3,18,-15
0,4,18,-15
0,5,19,-14
0,6,19,-14
0,7,20,-13
0,8,20,-13
0,9,20,-12
0,10,20,-12
0,11,21,-11
0,12,21,-11
0,13,21,-10
0,14,21,-10
0,15,22,-9
0,16,22,-8
0,17,22,-8
0,18,22,-7
0,19,22,-6
0,20,22,-6
0,21,23,-5
0,22,23,-4
0,23,23,-4
0,24,23,-3
0,25,23,-2
0,26,23,-2
0,27,23,-1
0,28,22,0
0,29,22,0
0,30,22,1
0,31,22,2
0,32,22,2
0,33,22,3
0,34,21,3
0,35,21,4
0,36,21,5
0,37,20,5
0,38,20,6
0,39,20,6
0,40,19,7
0,41,19,8
0,42,19,8
0,43,18,9
0,44,18,9
0,45,17,10
0,46,17,11
0,47,16,11
0,48,16,12
0,49,15,12
0,50,15,13
0,51,14,13
0,52,14,14
0,53,13,14
0,54,13,15
0,55,12,15
0,56,12,15
0,57,11,16
0,58,11,16
0,59,10,17
0,60,10,17
0,61,9,18
0,62,9,18
0,63,8,18
0,64,7,19
0,65,7,19
0,66,6,19
0,67,6,19
0,68,5,20
0,69,4,20
0,70,3,20
0,71,3,20
0,72,2,20
0,73,1,21
0,74,1,21
0,75,0,21
0,76,-1,21
0,77,-1,21
0,78,-2,21
0,79,-3,21
0,80,-3,20
0,81,-4,20
0,82,-5,20
0,83,-5,20
0,84,-6,20
0,85,-7,20
0,86,-7,19
0,87,-8,19
0,88,-9,19
0,89,-9,19
0,90,-10,18
0,91,-10,18
0,92,-11,18
0,93,-12,17
0,94,-12,17
0,95,-13,17
0,96,-14,16
0,97,-14,16
0,98,-15,15
0,99,-15,15
0,100,-16,14
0,101,-16,14
0,102,-17,13
0,103,-17,13
0,104,-18,13
0,105,-18,12
0,106,-19,12
0,107,-19,11
0,108,-20,11
0,109,-20,10
0,110,-21,10
0,111,-21,9
0,112,-21,9
0,113,-22,8
0,114,-22,8
0,115,-22,7
0,116,-23,6
0,117,-23,6
0,118,-23,5
0,119,-23,4
0,120,-24,4
0,121,-24,3
0,122,-24,2
0,123,-24,2
0,124,-24,1
0,125,-25,0
0,126,-25,0
0,127,-25,-1
0,128,-25,-2
0,129,-25,-2
0,130,-25,-3
0,131,-24,-4
0,132,-24,-4
0,133,-24,-5
0,134,-24,-6
0,135,-24,-6
0,136,-23,-7
0,137,-23,-7
0,138,-23,-8
0,139,-23,-9
0,140,-22,-9
0,141,-22,-10
0,142,-22,-10
0,143,-21,-11
0,144,-21,-12
0,145,-21,-12
0,146,-20,-13
0,147,-20,-13
0,148,-19,-14
0,149,-19,-14
0,150,-18,-15
0,151,-18,-16
0,152,-17,-16
0,153,-17,-17
0,154,-16,-17
0,155,-16,-18
0,156,-15,-18
0,157,-15,-19
0,158,-14,-19
0,159,-14,-19
0,160,-13,-20
0,161,-13,-20
0,162,-12,-21
0,163,-12,-21
0,164,-11,-21
0,165,-11,-21
0,166,-10,-22
0,167,-9,-22
0,168,-9,-22
0,169,-8,-23
0,170,-8,-23
0,171,-7,-23
0,172,-6,-23
0,173,-6,-24
0,174,-5,-24
0,175,-4,-24
0,176,-4,-24
0,177,-3,-24
0,178,-2,-24
0,179,-1,-24
0,180,-1,-24
0,181,0,-24
0,182,1,-24
0,183,1,-24
0,184,2,-24
0,185,3,-24
0,186,3,-24
0,187,4,-23
0,188,4,-23
0,189,5,-23
0,190,6,-23
0,191,6,-23
0,192,7,-22
0,193,8,-22
0,194,8,-22
0,195,9,-21
0,196,9,-21
0,197,10,-21
0,198,11,-20
0,199,11,-20
0,200,12,-19
0,201,12,-19
0,202,13,-18
0,203,13,-18
0,204,14,-17
0,205,14,-17
0,206,15,-17
0,207,15,-16
0,208,16,-16
0,209,16,-15
0,210,17,-15
0,211,17,-14
0,212,18,-14
0,213,18,-13
0,214,18,-13
0,215,19,-12
0,216,19,-11
0,217,19,-11
0,218,20,-10
0,219,20,-10
0,220,20,-9
0,221,21,-8
0,222,21,-8
0,223,21,-7
0,224,21,-6
0,225,21,-5
0,226,22,-5
0,227,22,-4
0,228,22,-3
0,229,22,-3
0,230,22,-2
0,231,22,-1
0,232,22,-1
0,233,22,0
0,234,22,1
0,235,21,1
0,236,21,2
0,237,21,3
0,238,21,3
0,239,21,4
0,240,21,5
0,241,20,5
0,242,20,6
0,243,20,7
0,244,19,7
0,245,19,8
0,246,19,8
0,247,18,9
0,248,18,10
0,249,18,10
0,250,17,11
0,251,17,11
0,252,16,12
0,253,16,13
0,254,15,13
0,255,15,14
0,256,14,14
0,257,14,15
0,258,13,15
0,259,13,16
0,260,12,16
0,261,12,17
0,262,11,17
0,263,11,18
0,264,10,18
0,265,10,18
0,266,9,19
0,267,9,19
0,268,8,19
0,269,7,20
0,270,7,20
0,271,6,20
0,272,6,20
0,273,5,20
0,274,4,21
0,275,4,21
0,276,3,21
0,277,2,21
0,278,1,21
0,279,1,21
0,280,0,21
0,281,-1,21
0,282,-1,21
0,283,-2,21
0,284,-3,21
0,285,-3,21
0,286,-4,21
0,287,-4,21
0,288,-5,21
0,289,-6,21
0,290,-6,20
0,291,-7,20
0,292,-8,20
0,293,-8,20
0,294,-9,19
0,295,-9,19
0,296,-10,19
0,297,-11,19
0,298,-11,18
0,299,-12,18
0,300,-12,17
0,301,-13,17
0,302,-13,17
0,303,-14,16
0,304,-14,16
0,305,-15,15
0,306,-15,15
0,307,-16,14
0,308,-16,14
0,309,-17,13
0,310,-17,13
0,311,-18,12
0,312,-18,12
0,313,-19,11
0,314,-19,11
0,315,-19,10
0,316,-20,10
0,317,-20,9
0,318,-21,9
0,319,-21,8
0,320,-21,7
0,321,-22,7
0,322,-22,6
0,323,-22,5
0,324,-22,5
0,325,-23,4
0,326,-23,3
0,327,-23,3
0,328,-23,2
0,329,-23,1
0,330,-23,1
0,331,-23,0
0,332,-23,-1
0,333,-23,-2
0,334,-23,-2
0,335,-23,-3
0,336,-23,-3
0,337,-23,-4
0,338,-23,-5
0,339,-23,-5
0,340,-22,-6
0,341,-22,-7
0,342,-22,-7
0,343,-22,-8
0,344,-22,-8
0,345,-21,-9
0,346,-21,-10
0,347,-21,-10
0,348,-20,-11
0,349,-20,-11
0,350,-20,-12
0,351,-19,-13
0,352,-19,-13
0,353,-18,-14
0,354,-18,-14
0,355,-17,-15
0,356,-17,-16
0,357,-16,-16
0,358,-16,-17
0,359,-15,-17
0,360,-15,-18
0,361,-15,-18
0,362,-14,-18
0,363,-14,-19
0,364,-13,-19
0,365,-13,-20
0,366,-12,-20
0,367,-12,-21
0,368,-11,-21
0,369,-10,-21
0,370,-10,-22
0,371,-9,-22
0,372,-9,-22
0,373,-8,-23
0,374,-7,-23
0,375,-7,-23
0,376,-6,-23
0,377,-5,-24
0,378,-5,-24
0,379,-4,-24
0,380,-3,-24
0,381,-3,-24
0,382,-2,-25
0,383,-1,-25
0,384,-1,-25
0,385,0,-25
0,386,1,-25
0,387,1,-24
0,388,2,-24
0,389,3,-24
0,390,3,-24
0,391,4,-24
0,392,4,-23
0,393,5,-23
0,394,6,-23
0,395,6,-23
0,396,7,-22
0,397,8,-22
0,398,8,-22
0,399,9,-22
0,400,9,-21
0,401,10,-21
0,402,10,-20
0,403,11,-20
0,404,12,-20
0,405,12,-19
0,406,13,-19
0,407,13,-18
0,408,14,-18
0,409,14,-17
0,410,15,-17
0,411,15,-16
0,412,16,-16
0,413,16,-15
0,414,17,-15
0,415,17,-14
0,416,18,-14
0,417,18,-13
0,418,18,-13
0,419,19,-12
0,420,19,-11
0,421,19,-11
0,422,20,-10
0,423,20,-10
0,424,20,-9
0,425,21,-8
0,426,21,-8
0,427,21,-7
0,428,21,-6
0,429,21,-6
0,430,22,-5
0,431,22,-4
0,432,22,-3
0,433,22,-3
0,434,22,-2
0,435,22,-1
0,436,22,0
0,437,22,0
0,438,22,1
0,439,22,2
0,440,21,2
0,441,21,3
0,442,21,3
0,443,21,4
0,444,21,5
0,445,21,5
0,446,20,6
0,447,20,7
0,448,20,7
0,449,19,8
0,450,19,9
0,451,19,9
0,452,18,10
0,453,18,10
0,454,17,11
0,455,17,12
0,456,17,12
0,457,16,13
0,458,16,13
0,459,15,14
0,460,15,14
0,461,14,15
0,462,14,15
0,463,13,16
0,464,13,16
0,465,12,17
0,466,12,17
0,467,11,18
0,468,11,18
0,469,10,19
0,470,9,19
0,471,9,19
0,472,8,20
0,473,8,20
0,474,7,20
0,475,6,21
0,476,6,21
0,477,5,21
0,478,4,21
0,479,4,22
0,480,3,22
0,481,2,22
0,482,2,22
0,483,1,22
0,484,0,23
0,485,-1,23
0,486,-1,23
0,487,-2,23
0,488,-3,22
0,489,-3,22
0,490,-4,22
0,491,-5,22
0,492,-5,22
0,493,-6,22
0,494,-7,22
0,495,-7,21
0,496,-8,21
0,497,-9,21
0,498,-9,21
0,499,-10,20
0,500,-11,20
0,501,-11,20
0,502,-12,19
0,503,-13,19
0,504,-13,19
0,505,-14,18
0,506,-14,18
0,507,-15,17
0,508,-16,17
0,509,-16,16
0,510,-17,16
0,511,-17,15
0,512,-18,15
0,513,-18,14
0,514,-19,14
0,515,-19,13
0,516,-20,13
0,517,-20,12
0,518,-21,12
0,519,-21,11
0,520,-21,11
0,521,-22,10
0,522,-22,9
0,523,-22,9
0,524,-23,8
0,525,-23,7
0,526,-23,7
0,527,-23,6
0,528,-24,6
0,529,-24,5
0,530,-24,4
0,531,-24,4
0,532,-24,3
0,533,-25,2
0,534,-25,1
0,535,-25,1
0,536,-25,0
0,537,-25,-1
0,538,-25,-2
0,539,-25,-2
0,540,-25,-3
0,541,-25,-3
0,542,-24,-4
0,543,-24,-5
0,544,-24,-5
0,545,-24,-6
0,546,-24,-7
0,547,-23,-7
0,548,-23,-8
0,549,-23,-9
0,550,-23,-9
0,551,-22,-10
0,552,-22,-11
0,553,-22,-11
0,554,-21,-12
0,555,-21,-12
0,556,-20,-13
0,557,-20,-13
0,558,-19,-14
0,559,-19,-15
0,560,-18,-15
0,561,-18,-16
0,562,-17,-16
0,563,-17,-17
0,564,-16,-17
0,565,-16,-18
0,566,-15,-18
0,567,-15,-19
0,568,-15,-19
0,569,-14,-19
0,570,-13,-20
0,571,-13,-20
0,572,-12,-21
0,573,-12,-21
0,574,-11,-22
0,575,-11,-22
0,576,-10,-22
0,577,-9,-23
0,578,-9,-23
0,579,-8,-23
0,580,-7,-23
0,581,-7,-24
0,582,-6,-24
0,583,-5,-24
0,584,-4,-24
0,585,-4,-24
0,586,-3,-24
0,587,-2,-24
0,588,-1,-24
0,589,-1,-24
0,590,0,-24
0,591,0,-24
0,592,1,-24
0,593,2,-24
0,594,2,-24
0,595,3,-24
0,596,4,-24
0,597,4,-23
0,598,5,-23
0,599,6,-23
0,600,6,-23
0,601,7,-22
0,602,8,-22
0,603,8,-22
0,604,9,-21
0,605,10,-21
0,606,10,-21
0,607,11,-20
0,608,11,-20
0,609,12,-19
0,610,13,-19
0,611,13,-18
0,612,14,-18
0,613,14,-17
0,614,15,-17
0,615,15,-16
0,616,16,-16
0,617,16,-15
0,618,17,-15
0,619,17,-15
0,620,18,-14
0,621,18,-13
0,622,19,-13
0,623,19,-12
0,624,19,-12
0,625,20,-11
0,626,20,-10
0,627,20,-10
0,628,21,-9
0,629,21,-9
0,630,21,-8
0,631,21,-7
0,632,22,-6
0,633,22,-6
0,634,22,-5
0,635,22,-4
0,636,22,-4
0,637,23,-3
0,638,23,-2
0,639,23,-1
0,640,23,-1
0,641,23,0
0,642,23,1
0,643,23,1
0,644,22,2
0,645,22,3
0,646,22,3
0,647,22,4
0,648,22,5
0,649,22,5
0,650,21,6
0,651,21,7
0,652,21,7
0,653,20,8
0,654,20,8
0,655,20,9
0,656,19,10
0,657,19,10
0,658,19,11
0,659,18,11
0,660,18,12
0,661,17,13
0,662,17,13
0,663,16,14
0,664,16,14
0,665,15,15
0,666,15,15
0,667,14,16
0,668,14,16
0,669,13,17
0,670,13,17
0,671,12,18
0,672,12,18
0,673,11,19
0,674,11,19
0,675,10,19
0,676,9,20
0,677,9,20
0,678,8,20
0,679,8,21
0,680,7,21
0,681,6,21
0,682,6,21
0,683,5,22
0,684,4,22
0,685,4,22
0,686,3,22
0,687,2,22
0,688,1,22
0,689,1,23
0,690,0,23
0,691,-1,23
0,692,-2,23
0,693,-2,22
0,694,-3,22
0,695,-4,22
0,696,-4,22
0,697,-5,22
0,698,-6,22
0,699,-6,22
0,700,-7,21
0,701,-8,21
0,702,-8,21
0,703,-9,21
0,704,-10,20
0,705,-10,20
0,706,-11,20
0,707,-11,19
0,708,-12,19
0,709,-13,18
0,710,-13,18
0,711,-14,18
0,712,-14,17
0,713,-15,17
0,714,-16,16
0,715,-16,16
0,716,-17,15
0,717,-17,15
0,718,-18,14
0,719,-18,14
0,720,-18,13
0,721,-19,13
0,722,-19,12
0,723,-20,12
0,724,-20,11
0,725,-21,11
0,726,-21,10
0,727,-21,9
0,728,-22,9
0,729,-22,8
0,730,-22,8
0,731,-23,7
0,732,-23,6
0,733,-23,6
0,734,-24,5
0,735,-24,4
0,736,-24,4
0,737,-24,3
0,738,-24,2
0,739,-24,1
0,740,-25,1
0,741,-25,0
0,742,-25,-1
0,743,-25,-1
0,744,-25,-2
0,745,-24,-3
0,746,-24,-3
0,747,-24,-4
0,748,-24,-4
0,749,-24,-5
0,750,-24,-6
0,751,-24,-6
0,752,-23,-7
0,753,-23,-8
0,754,-23,-8
0,755,-23,-9
0,756,-22,-10
0,757,-22,-10
0,758,-22,-11
0,759,-21,-12
0,760,-21,-12
0,761,-20,-13
0,762,-20,-13
0,763,-20,-14
0,764,-19,-15
0,765,-19,-15
0,766,-18,-16
0,767,-18,-16
0,768,-17,-17
0,769,-17,-17
0,770,-16,-18
0,771,-16,-18
0,772,-15,-19
0,773,-15,-19
0,774,-14,-20
0,775,-14,-20
0,776,-13,-21
0,777,-12,-21
0,778,-12,-21
0,779,-11,-22
0,780,-11,-22
0,781,-10,-22
0,782,-9,-23
0,783,-9,-23
0,784,-8,-23
0,785,-7,-23
0,786,-7,-23
0,787,-6,-24
0,788,-5,-24
0,789,-5,-24
0,790,-4,-24
0,791,-3,-24
0,792,-2,-24
0,793,-2,-25
0,794,-1,-24
0,795,0,-24
0,796,0,-24
0,797,1,-24
0,798,2,-24
0,799,2,-24
0,800,3,-24
0,801,4,-24
0,802,4,-24
0,803,5,-23
0,804,6,-23
0,805,6,-23
0,806,7,-23
0,807,7,-22
0,808,8,-22
0,809,9,-22
0,810,9,-21
0,811,10,-21
0,812,10,-20
0,813,11,-20
0,814,12,-20
0,815,12,-19
0,816,13,-19
0,817,13,-18
0,818,14,-18
0,819,14,-17
0,820,15,-17
0,821,15,-16
0,822,16,-16
0,823,16,-15
0,824,17,-15
0,825,17,-14
0,826,18,-14
0,827,18,-13
0,828,18,-13
0,829,19,-12
0,830,19,-12
0,831,20,-11
0,832,20,-10
0,833,20,-10
0,834,21,-9
0,835,21,-8
0,836,21,-8
0,837,21,-7
0,838,21,-6
0,839,22,-6
0,840,22,-5
0,841,22,-4
0,842,22,-3
0,843,22,-3
0,844,22,-2
0,845,22,-1
0,846,22,-1
0,847,22,0
0,848,22,1
0,849,22,1
0,850,22,2
0,851,21,3
0,852,21,3
0,853,21,4
0,854,21,5
0,855,21,5
0,856,20,6
0,857,20,7
0,858,20,7
0,859,20,8
0,860,19,8
0,861,19,9
0,862,18,10
0,863,18,10
0,864,18,11
0,865,17,12
0,866,17,12
0,867,16,13
0,868,16,13
0,869,15,14
0,870,15,14
0,871,14,15
0,872,14,15
0,873,13,16
0,874,13,16
0,875,12,17
0,876,12,17
0,877,11,18
0,878,11,18
0,879,10,18
0,880,10,19
0,881,9,19
0,882,8,20
0,883,8,20
0,884,7,20
0,885,7,20
0,886,6,21
0,887,5,21
0,888,5,21
0,889,4,21
0,890,3,22
0,891,2,22
0,892,2,22
0,893,1,22
0,894,0,22
0,895,0,22
0,896,-1,22
0,897,-2,22
0,898,-2,22
0,899,-3,22
0,900,-4,22
0,901,-4,22
0,902,-5,22
0,903,-6,22
0,904,-6,21
0,905,-7,21
0,906,-7,21
0,907,-8,21
0,908,-9,21
0,909,-9,20
0,910,-10,20
0,911,-11,20
0,912,-11,19
0,913,-12,19
0,914,-12,19
0,915,-13,18
0,916,-13,18
0,917,-14,17
0,918,-15,17
0,919,-15,16
0,920,-16,16
0,921,-16,15
0,922,-17,15
0,923,-17,14
0,924,-18,14
0,925,-18,13
0,926,-19,13
0,927,-19,12
0,928,-20,12
0,929,-20,11
0,930,-20,11
0,931,-21,10
0,932,-21,10
0,933,-21,9
0,934,-22,9
0,935,-22,8
0,936,-22,7
0,937,-23,7
0,938,-23,6
0,939,-23,5
0,940,-23,5
0,941,-23,4
0,942,-24,3
0,943,-24,3
0,944,-24,2
0,945,-24,1
0,946,-24,0
0,947,-24,0
0,948,-24,-1
0,949,-24,-2
0,950,-24,-2
0,951,-24,-3
0,952,-24,-4
0,953,-24,-4
0,954,-24,-5
0,955,-23,-6
0,956,-23,-6
0,957,-23,-7
0,958,-23,-8
0,959,-23,-8
0,960,-22,-9
0,961,-22,-9
0,962,-22,-10
0,963,-21,-11
0,964,-21,-11
0,965,-21,-12
0,966,-20,-13
0,967,-20,-13
0,968,-19,-14
0,969,-19,-14
0,970,-18,-15
0,971,-18,-15
0,972,-17,-16
0,973,-17,-16
0,974,-17,-17
0,975,-16,-17
0,976,-16,-18
0,977,-15,-18
0,978,-15,-19
0,979,-14,-19
0,980,-14,-20
0,981,-13,-20
0,982,-12,-21
0,983,-12,-21
0,984,-11,-21
0,985,-11,-22
0,986,-10,-22
0,987,-9,-22
0,988,-9,-23
0,989,-8,-23
0,990,-7,-23
0,991,-7,-23
0,992,-6,-24
0,993,-5,-24
0,994,-4,-24
0,995,-4,-24
0,996,-3,-24
0,997,-2,-24
0,998,-2,-24
0,999,-1,-24
0,1000,0,-24
0,1001,0,-24
0,1002,1,-24
0,1003,2,-24
0,1004,2,-24
0,1005,3,-24
0,1006,4,-23
0,1007,4,-23
0,1008,5,-23
0,1009,6,-23
0,1010,6,-22
0,1011,7,-22
0,1012,7,-22
0,1013,8,-22
0,1014,9,-21
0,1015,9,-21
0,1016,10,-20
0,1017,11,-20
0,1018,11,-20
0,1019,12,-19
0,1020,12,-19
0,1021,13,-18
0,1022,13,-18
0,1023,14,-17
0,1024,15,-17
0,1025,15,-16
0,1026,16,-16
0,1027,16,-15
0,1028,17,-15
0,1029,17,-14
0,1030,18,-14
0,1031,18,-13
0,1032,18,-13
0,1033,19,-12
0,1034,19,-11
0,1035,20,-11
0,1036,20,-10
0,1037,20,-10
0,1038,21,-9
0,1039,21,-8
0,1040,21,-8
0,1041,21,-7
0,1042,21,-6
0,1043,22,-6
0,1044,22,-5
0,1045,22,-4
0,1046,22,-3
0,1047,22,-3
0,1048,22,-2
0,1049,22,-1
0,1050,22,-1
0,1051,22,0
0,1052,22,1
0,1053,22,1
0,1054,22,2
0,1055,22,3
0,1056,22,3
0,1057,22,4
0,1058,22,5
0,1059,21,5
0,1060,21,6
0,1061,21,7
0,1062,21,7
0,1063,20,8
0,1064,20,9
0,1065,20,9
0,1066,19,10
0,1067,19,10
0,1068,18,11
0,1069,18,12
0,1070,18,12
0,1071,17,13
0,1072,17,13
0,1073,16,14
0,1074,16,14
0,1075,15,15
0,1076,15,15
0,1077,14,16
0,1078,14,16
0,1079,13,17
0,1080,13,17
0,1081,12,18
0,1082,12,18
0,1083,11,19
0,1084,11,19
0,1085,10,20
0,1086,9,20
0,1087,9,20
0,1088,8,21
0,1089,7,21
0,1090,7,21
0,1091,6,21
0,1092,5,22
0,1093,5,22
0,1094,4,22
0,1095,3,22
0,1096,3,22
0,1097,2,23
0,1098,1,23
0,1099,0,23
0,1100,0,23
0,1101,-1,23
0,1102,-2,23
0,1103,-2,23
0,1104,-3,22
0,1105,-4,22
0,1106,-4,22
0,1107,-5,22
0,1108,-6,22
0,1109,-6,22
0,1110,-7,21
0,1111,-8,21
0,1112,-8,21
0,1113,-9,21
0,1114,-10,20
0,1115,-10,20
0,1116,-11,20
0,1117,-11,19
0,1118,-12,19
0,1119,-13,18
0,1120,-13,18
0,1121,-14,18
0,1122,-14,17
0,1123,-15,17
0,1124,-16,16
0,1125,-16,16
0,1126,-17,15
0,1127,-17,15
0,1128,-18,14
0,1129,-18,14
0,1130,-19,13
0,1131,-19,13
0,1132,-20,12
0,1133,-20,12
0,1134,-20,11
0,1135,-21,11
0,1136,-21,10
0,1137,-22,9
0,1138,-22,9
0,1139,-22,8
0,1140,-22,8
0,1141,-23,7
0,1142,-23,6
0,1143,-23,6
0,1144,-24,5
0,1145,-24,4
0,1146,-24,4
0,1147,-24,3
0,1148,-24,2
0,1149,-25,2
0,1150,-25,1
0,1151,-25,0
0,1152,-25,-1
0,1153,-25,-1
0,1154,-25,-2
0,1155,-25,-3
0,1156,-24,-3
0,1157,-24,-4
0,1158,-24,-5
0,1159,-24,-5
0,1160,-24,-6
0,1161,-24,-7
0,1162,-23,-7
0,1163,-23,-8
0,1164,-23,-8
0,1165,-23,-9
0,1166,-22,-10
0,1167,-22,-10
0,1168,-21,-11
0,1169,-21,-12
0,1170,-21,-12
0,1171,-20,-13
0,1172,-20,-13
0,1173,-19,-14
0,1174,-19,-15
0,1175,-18,-15
0,1176,-18,-16
0,1177,-17,-16
0,1178,-17,-17
0,1179,-16,-17
0,1180,-16,-18
0,1181,-15,-18
0,1182,-15,-19
0,1183,-14,-19
0,1184,-14,-20
0,1185,-13,-20
0,1186,-13,-20
0,1187,-12,-21
0,1188,-11,-21
0,1189,-11,-21
0,1190,-10,-22
0,1191,-10,-22
0,1192,-9,-22
0,1193,-8,-23
0,1194,-8,-23
0,1195,-7,-23
0,1196,-6,-23
0,1197,-6,-24
0,1198,-5,-24
0,1199,-4,-24
0,1200,-3,-24
0,1201,-3,-24
0,1202,-2,-24
0,1203,-1,-24
0,1204,0,-24
0,1205,0,-24
0,1206,1,-24
0,1207,2,-24
0,1208,2,-24
0,1209,3,-24
0,1210,4,-23
0,1211,4,-23
0,1212,5,-23
0,1213,6,-23
0,1214,6,-22
0,1215,7,-22
0,1216,8,-22
0,1217,8,-22
0,1218,9,-21
0,1219,9,-21
0,1220,10,-20
0,1221,11,-20
0,1222,11,-20
0,1223,12,-19
0,1224,12,-19
0,1225,13,-18
0,1226,13,-18
0,1227,14,-17
0,1228,15,-17
0,1229,15,-16
0,1230,15,-16
0,1231,16,-15
0,1232,16,-15
0,1233,17,-14
0,1234,17,-14
0,1235,18,-13
0,1236,18,-12
0,1237,19,-12
0,1238,19,-11
0,1239,19,-11
0,1240,20,-10
0,1241,20,-9
0,1242,20,-9
0,1243,21,-8
0,1244,21,-8
0,1245,21,-7
0,1246,21,-6
0,1247,21,-5
0,1248,22,-5
0,1249,22,-4
0,1250,22,-3
0,1251,22,-3
0,1252,22,-2
0,1253,22,-1
0,1254,22,-1
0,1255,22,0
0,1256,22,1
0,1257,22,1
0,1258,22,2
0,1259,22,3
0,1260,22,3
0,1261,21,4
0,1262,21,5
0,1263,21,5
0,1264,21,6
0,1265,21,7
0,1266,20,7
0,1267,20,8
0,1268,20,9
0,1269,19,9
0,1270,19,10
0,1271,19,11
0,1272,18,11
0,1273,18,12
0,1274,17,12
0,1275,17,13
0,1276,17,13
0,1277,16,14
0,1278,16,15
0,1279,15,15
0,1280,15,16
0,1281,14,16
0,1282,14,17
0,1283,13,17
0,1284,13,18
0,1285,12,18
0,1286,11,18
0,1287,11,19
0,1288,10,19
0,1289,10,20
0,1290,9,20
0,1291,8,20
0,1292,8,21
0,1293,7,21
0,1294,6,21
0,1295,6,21
0,1296,5,21
0,1297,4,22
0,1298,4,22
0,1299,3,22
0,1300,2,22
0,1301,2,22
0,1302,1,22
0,1303,0,22
0,1304,-1,22
0,1305,-1,22
0,1306,-2,22
0,1307,-3,22
0,1308,-3,22
0,1309,-4,22
0,1310,-5,22
0,1311,-5,22
0,1312,-6,22
0,1313,-7,22
0,1314,-7,21
0,1315,-8,21
0,1316,-8,21
0,1317,-9,21
0,1318,-10,20
0,1319,-10,20
0,1320,-11,20
0,1321,-12,19
0,1322,-12,19
0,1323,-13,18
0,1324,-14,18
0,1325,-14,17
0,1326,-15,17
0,1327,-15,17
0,1328,-16,16
0,1329,-16,16
0,1330,-17,15
0,1331,-17,15
0,1332,-18,14
0,1333,-18,14
0,1334,-19,13
0,1335,-19,13
0,1336,-20,12
0,1337,-20,12
0,1338,-20,11
0,1339,-21,11
0,1340,-21,10
0,1341,-22,9
0,1342,-22,9
0,1343,-22,8
0,1344,-23,8
0,1345,-23,7
0,1346,-23,6
0,1347,-23,6
0,1348,-24,5
0,1349,-24,5
0,1350,-24,4
0,1351,-24,3
0,1352,-24,2
0,1353,-24,2
0,1354,-24,1
0,1355,-25,0
0,1356,-24,0
0,1357,-24,-1
0,1358,-24,-2
0,1359,-24,-2
0,1360,-24,-3
0,1361,-24,-4
0,1362,-24,-4
0,1363,-24,-5
0,1364,-24,-6
0,1365,-23,-6
0,1366,-23,-7
0,1367,-23,-8
0,1368,-23,-8
0,1369,-22,-9
0,1370,-22,-10
0,1371,-22,-10
0,1372,-21,-11
0,1373,-21,-11
0,1374,-21,-12
0,1375,-20,-13
0,1376,-20,-13
0,1377,-20,-14
0,1378,-19,-14
0,1379,-19,-15
0,1380,-18,-15
0,1381,-18,-16
0,1382,-17,-17
0,1383,-17,-17
0,1384,-16,-18
0,1385,-16,-18
0,1386,-15,-18
0,1387,-15,-19
0,1388,-14,-19
0,1389,-14,-20
0,1390,-13,-20
0,1391,-13,-21
0,1392,-12,-21
0,1393,-11,-21
0,1394,-11,-22
0,1395,-10,-22
0,1396,-9,-22
0,1397,-9,-22
0,1398,-8,-23
0,1399,-7,-23
0,1400,-7,-23
0,1401,-6,-23
0,1402,-5,-24
0,1403,-5,-24
0,1404,-4,-24
0,1405,-3,-24
0,1406,-3,-24
0,1407,-2,-24
0,1408,-1,-24
0,1409,-1,-24
0,1410,0,-24
0,1411,1,-24
0,1412,2,-24
0,1413,2,-24
0,1414,3,-23
0,1415,4,-23
0,1416,4,-23
0,1417,5,-23
0,1418,6,-23
0,1419,6,-22
0,1420,7,-22
0,1421,8,-22
0,1422,8,-21
0,1423,9,-21
0,1424,10,-21
0,1425,10,-20
0,1426,11,-20
0,1427,11,-19
0,1428,12,-19
0,1429,13,-18
0,1430,13,-18
0,1431,14,-17
0,1432,14,-17
0,1433,15,-16
0,1434,15,-16
0,1435,16,-15
0,1436,16,-15
0,1437,17,-14
0,1438,17,-14
0,1439,18,-13
0,1440,18,-13
0,1441,18,-12
0,1442,19,-11
0,1443,19,-11
0,1444,19,-10
0,1445,20,-10
0,1446,20,-9
0,1447,20,-8
0,1448,21,-8
0,1449,21,-7
0,1450,21,-7
0,1451,21,-6
0,1452,21,-5
0,1453,22,-5
0,1454,22,-4
0,1455,22,-3
0,1456,22,-2
0,1457,22,-2
0,1458,22,-1
0,1459,22,0
0,1460,22,0
0,1461,22,1
0,1462,22,2
0,1463,22,2
0,1464,22,3
0,1465,21,4
0,1466,21,4
0,1467,21,5
0,1468,21,6
0,1469,21,6
0,1470,21,7
0,1471,20,8
0,1472,20,8
0,1473,20,9
0,1474,19,9
0,1475,19,10
0,1476,19,11
0,1477,18,11
0,1478,18,12
0,1479,17,12
0,1480,17,13
0,1481,16,13
0,1482,16,14
0,1483,15,14
0,1484,15,15
0,1485,15,15
0,1486,14,16
0,1487,14,16
0,1488,13,17
0,1489,13,17
0,1490,12,18
0,1491,11,18
0,1492,11,18
0,1493,10,19
0,1494,10,19
0,1495,9,19
0,1496,9,20
0,1497,8,20
0,1498,7,20
0,1499,7,21
0,1500,6,21
0,1501,5,21
0,1502,5,21
0,1503,4,21
0,1504,3,22
0,1505,3,22
0,1506,2,22
0,1507,1,22
0,1508,0,22
0,1509,0,22
0,1510,-1,22
0,1511,-2,22
0,1512,-2,22
0,1513,-3,22
0,1514,-4,22
0,1515,-4,22
0,1516,-5,22
0,1517,-6,21
0,1518,-6,21
0,1519,-7,21
0,1520,-8,21
0,1521,-8,21
0,1522,-9,20
0,1523,-10,20
0,1524,-10,20
0,1525,-11,19
0,1526,-12,19
0,1527,-12,19
0,1528,-13,18
0,1529,-13,18
0,1530,-14,18
0,1531,-15,17
0,1532,-15,17
0,1533,-16,16
0,1534,-16,16
0,1535,-17,15
0,1536,-17,15
0,1537,-18,14
0,1538,-18,14
0,1539,-19,13
0,1540,-19,13
0,1541,-20,12
0,1542,-20,12
0,1543,-20,11
0,1544,-21,10
0,1545,-21,10
0,1546,-21,9
0,1547,-22,9
0,1548,-22,8
0,1549,-22,7
0,1550,-22,7
0,1551,-22,6
0,1552,-23,6
0,1553,-23,5
0,1554,-23,4
0,1555,-23,4
0,1556,-23,3
0,1557,-23,2
0,1558,-23,1
0,1559,-23,1
0,1560,-23,0
0,1561,-23,-1
0,1562,-23,-1
0,1563,-23,-2
0,1564,-23,-3
0,1565,-23,-3
0,1566,-23,-4
0,1567,-23,-5
0,1568,-23,-5
0,1569,-23,-6
0,1570,-22,-6
0,1571,-22,-7
0,1572,-22,-8
0,1573,-22,-8
0,1574,-21,-9
0,1575,-21,-10
0,1576,-21,-10
0,1577,-20,-11
0,1578,-20,-11
0,1579,-20,-12
0,1580,-19,-12
0,1581,-19,-13
0,1582,-18,-14
0,1583,-18,-14
0,1584,-17,-15
0,1585,-17,-15
0,1586,-16,-16
0,1587,-16,-16
0,1588,-15,-17
0,1589,-15,-17
0,1590,-14,-17
0,1591,-14,-18
0,1592,-13,-18
0,1593,-13,-19
0,1594,-12,-19
0,1595,-12,-19
0,1596,-11,-20
0,1597,-11,-20
0,1598,-10,-20
0,1599,-9,-21
0,1600,-9,-21
0,1601,-8,-21
0,1602,-8,-21
0,1603,-7,-22
0,1604,-6,-22
0,1605,-6,-22
0,1606,-5,-22
0,1607,-4,-22
0,1608,-3,-22
0,1609,-3,-22
0,1610,-2,-23
0,1611,-1,-23
0,1612,-1,-23
0,1613,0,-23
0,1614,1,-22
0,1615,1,-22
0,1616,2,-22
0,1617,3,-22
0,1618,3,-22
0,1619,4,-22
0,1620,5,-22
0,1621,5,-21
0,1622,6,-21
0,1623,7,-21
0,1624,7,-21
0,1625,8,-20
0,1626,8,-20
0,1627,9,-20
0,1628,10,-20
0,1629,10,-19
0,1630,11,-19
0,1631,11,-19
0,1632,12,-18
0,1633,13,-18
0,1634,13,-17
0,1635,14,-17
0,1636,14,-16
0,1637,15,-16
0,1638,15,-15
0,1639,16,-15
0,1640,16,-14
0,1641,17,-14
0,1642,17,-13
0,1643,17,-13
0,1644,18,-13
0,1645,18,-12
0,1646,19,-11
0,1647,19,-11
0,1648,19,-10
0,1649,20,-10
0,1650,20,-9
0,1651,20,-8
0,1652,20,-8
0,1653,21,-7
0,1654,21,-7
0,1655,21,-6
0,1656,21,-5
0,1657,22,-5
0,1658,22,-4
0,1659,22,-3
0,1660,22,-3
0,1661,22,-2
0,1662,22,-1
0,1663,22,-1
0,1664,22,0
0,1665,22,1
0,1666,22,1
0,1667,22,2
0,1668,22,3
0,1669,22,3
0,1670,22,4
0,1671,21,5
0,1672,21,5
0,1673,21,6
0,1674,21,7
0,1675,21,7
0,1676,20,8
0,1677,20,9
0,1678,20,9
0,1679,19,10
0,1680,19,10
0,1681,19,11
0,1682,18,12
0,1683,18,12
0,1684,17,13
0,1685,17,13
0,1686,16,14
0,1687,16,14
0,1688,15,15
0,1689,15,15
0,1690,14,16
0,1691,14,16
0,1692,13,17
0,1693,13,17
0,1694,12,18
0,1695,12,18
0,1696,11,19
0,1697,11,19
0,1698,10,19
0,1699,10,20
0,1700,9,20
0,1701,8,20
0,1702,8,21
0,1703,7,21
0,1704,7,21
0,1705,6,21
0,1706,5,21
0,1707,5,22
0,1708,4,22
0,1709,3,22
0,1710,3,22
0,1711,2,22
0,1712,1,22
0,1713,1,22
0,1714,0,23
0,1715,-1,23
0,1716,-2,23
0,1717,-2,22
0,1718,-3,22
0,1719,-3,22
0,1720,-4,22
0,1721,-5,22
0,1722,-5,22
0,1723,-6,22
0,1724,-7,22
0,1725,-7,21
0,1726,-8,21
0,1727,-9,21
0,1728,-9,21
0,1729,-10,20
0,1730,-10,20
0,1731,-11,20
0,1732,-12,19
0,1733,-12,19
0,1734,-13,18
0,1735,-13,18
0,1736,-14,18
0,1737,-14,17
0,1738,-15,17
0,1739,-15,16
0,1740,-16,16
0,1741,-16,15
0,1742,-17,15
0,1743,-17,14
0,1744,-18,14
0,1745,-18,13
0,1746,-18,13
0,1747,-19,12
0,1748,-19,12
0,1749,-20,11
0,1750,-20,10
0,1751,-20,10
0,1752,-21,9
0,1753,-21,9
0,1754,-21,8
0,1755,-21,7
0,1756,-22,7
0,1757,-22,6
0,1758,-22,5
0,1759,-22,5
0,1760,-22,4
0,1761,-23,3
0,1762,-23,3
0,1763,-23,2
0,1764,-23,1
0,1765,-23,1
0,1766,-23,0
0,1767,-23,-1
0,1768,-23,-1
0,1769,-23,-2
0,1770,-23,-3
0,1771,-22,-3
0,1772,-22,-4
0,1773,-22,-5
0,1774,-22,-5
0,1775,-22,-6
0,1776,-22,-7
0,1777,-21,-7
0,1778,-21,-8
0,1779,-21,-8
0,1780,-21,-9
0,1781,-20,-10
0,1782,-20,-10
0,1783,-20,-11
0,1784,-19,-12
0,1785,-19,-12
0,1786,-18,-13
0,1787,-18,-13
0,1788,-18,-14
0,1789,-17,-14
0,1790,-17,-15
0,1791,-16,-15
0,1792,-16,-16
0,1793,-15,-16
0,1794,-15,-17
0,1795,-14,-17
0,1796,-14,-18
0,1797,-13,-18
0,1798,-13,-18
0,1799,-12,-19
0,1800,-12,-19
0,1801,-11,-19
0,1802,-10,-20
0,1803,-10,-20
0,1804,-9,-20
0,1805,-9,-20
0,1806,-8,-21
0,1807,-7,-21
0,1808,-7,-21
0,1809,-6,-21
0,1810,-6,-21
0,1811,-5,-21
0,1812,-4,-21
0,1813,-4,-22
0,1814,-3,-22
0,1815,-2,-22
0,1816,-2,-22
0,1817,-1,-22
0,1818,0,-22
0,1819,0,-22
0,1820,1,-22
0,1821,1,-22
0,1822,2,-21
0,1823,3,-21
0,1824,3,-21
0,1825,4,-21
0,1826,5,-21
0,1827,5,-21
0,1828,6,-20
0,1829,7,-20
0,1830,7,-20
0,1831,8,-20
0,1832,8,-19
0,1833,9,-19
0,1834,9,-19
0,1835,10,-18
0,1836,11,-18
0,1837,11,-18
0,1838,12,-17
0,1839,12,-17
0,1840,13,-16
0,1841,13,-16
0,1842,14,-15
0,1843,14,-15
0,1844,15,-15
0,1845,15,-14
0,1846,16,-14
0,1847,16,-13
0,1848,16,-13
0,1849,17,-12
0,1850,17,-12
0,1851,18,-11
0,1852,18,-11
0,1853,18,-10
0,1854,19,-10
0,1855,19,-9
0,1856,19,-8
0,1857,20,-8
0,1858,20,-7
0,1859,20,-7
0,1860,20,-6
0,1861,21,-5
0,1862,21,-5
0,1863,21,-4
0,1864,21,-3
0,1865,21,-3
0,1866,21,-2
0,1867,21,-1
0,1868,21,-1
0,1869,21,0
0,1870,21,1
0,1871,21,1
0,1872,21,2
0,1873,21,3
0,1874,21,3
0,1875,21,4
0,1876,21,5
0,1877,21,5
0,1878,20,6
0,1879,20,6
0,1880,20,7
0,1881,20,8
0,1882,20,8
0,1883,19,9
0,1884,19,10
0,1885,19,10
0,1886,18,11
0,1887,18,11
0,1888,18,12
0,1889,17,13
0,1890,17,13
0,1891,17,14
0,1892,16,14
0,1893,16,15
0,1894,15,15
0,1895,15,16
0,1896,14,16
0,1897,14,17
0,1898,13,17
0,1899,13,18
0,1900,13,18
0,1901,12,19
0,1902,12,19
0,1903,11,20
0,1904,10,20
0,1905,10,21
0,1906,9,21
0,1907,9,21
0,1908,8,22
0,1909,7,22
0,1910,7,22
0,1911,6,23
0,1912,6,23
0,1913,5,23
0,1914,4,24
0,1915,4,24
0,1916,3,24
0,1917,2,24
0,1918,2,25
0,1919,1,25
0,1920,0,25
0,1921,-1,25
0,1922,-1,25
0,1923,-2,24
0,1924,-3,24
0,1925,-4,24
0,1926,-4,24
0,1927,-5,23
0,1928,-6,23
0,1929,-6,23
0,1930,-7,22
0,1931,-8,22
0,1932,-8,22
0,1933,-9,21
0,1934,-10,21
0,1935,-10,21
0,1936,-11,20
0,1937,-11,20
0,1938,-12,19
0,1939,-13,19
0,1940,-13,19
0,1941,-14,18
0,1942,-14,18
0,1943,-15,17
0,1944,-16,16
0,1945,-16,16
0,1946,-17,15
0,1947,-17,15
0,1948,-17,14
0,1949,-18,14
0,1950,-18,13
0,1951,-19,13
0,1952,-19,12
0,1953,-20,12
0,1954,-20,11
0,1955,-20,10
0,1956,-21,10
0,1957,-21,9
0,1958,-21,8
0,1959,-22,8
0,1960,-22,7
0,1961,-22,6
0,1962,-22,6
0,1963,-23,5
0,1964,-23,4
0,1965,-23,4
0,1966,-23,3
0,1967,-23,2
0,1968,-23,2
0,1969,-23,1
0,1970,-23,0
0,1971,-23,-1
0,1972,-23,-1
0,1973,-23,-2
0,1974,-23,-3
0,1975,-23,-3
0,1976,-23,-4
0,1977,-23,-5
0,1978,-23,-5
0,1979,-22,-6
0,1980,-22,-7
0,1981,-22,-7
0,1982,-22,-8
0,1983,-22,-8
0,1984,-21,-9
0,1985,-21,-10
0,1986,-21,-10
0,1987,-20,-11
0,1988,-20,-11
0,1989,-19,-12
0,1990,-19,-13
0,1991,-19,-13
0,1992,-18,-14
0,1993,-18,-14
0,1994,-17,-15
0,1995,-17,-15
0,1996,-16,-16
0,1997,-16,-16
0,1998,-15,-17
0,1999,-15,-17
0,2000,-14,-17
0,2001,-14,-18
0,2002,-13,-18
0,2003,-13,-19
0,2004,-12,-19
0,2005,-12,-19
0,2006,-11,-20
0,2007,-10,-20
0,2008,-10,-20
0,2009,-9,-21
0,2010,-9,-21
0,2011,-8,-21
0,2012,-7,-22
0,2013,-7,-22
0,2014,-6,-22
0,2015,-5,-22
0,2016,-4,-23
0,2017,-4,-23
0,2018,-3,-23
0,2019,-2,-23
0,2020,-2,-23
0,2021,-1,-23
0,2022,0,-23
0,2023,1,-23
0,2024,1,-23
0,2025,2,-23
0,2026,3,-23
0,2027,3,-23
0,2028,4,-23
0,2029,5,-23
0,2030,5,-22
0,2031,6,-22
0,2032,7,-22
0,2033,7,-22
0,2034,8,-22
0,2035,9,-21
0,2036,9,-21
0,2037,10,-21
0,2038,11,-20
0,2039,11,-20
0,2040,12,-20
0,2041,13,-19
0,2042,13,-19
0,2043,14,-19
0,2044,15,-18
0,2045,16,-18
0,2046,16,-17
0,2047,17,-17
1,0,16,-16
1,1,17,-15
1,2,18,-14
1,3,19,-13
1,4,19,-12
1,5,20,-10
1,6,20,-9
1,7,21,-8
1,8,21,-7
1,9,22,-5
1,10,22,-4
1,11,22,-3
1,12,22,-1
1,13,22,0
1,14,22,2
1,15,22,3
1,16,22,4
1,17,21,6
1,18,21,7
1,19,21,8
1,20,20,10
1,21,19,11
1,22,19,12
1,23,18,13
1,24,17,14
1,25,16,15
1,26,15,16
1,27,14,17
1,28,13,18
1,29,12,19
1,30,11,19
1,31,10,20
1,32,8,20
1,33,7,21
1,34,6,21
1,35,4,22
1,36,3,22
1,37,2,22
1,38,0,22
1,39,-1,22
1,40,-2,22
1,41,-4,22
1,42,-5,22
1,43,-7,22
1,44,-8,21
1,45,-9,21
1,46,-10,20
1,47,-12,20
1,48,-13,19
1,49,-14,18
1,50,-15,17
1,51,-16,16
1,52,-17,15
1,53,-18,14
1,54,-19,13
1,55,-19,12
1,56,-20,11
1,57,-21,10
1,58,-21,8
1,59,-22,7
1,60,-22,6
1,61,-22,4
1,62,-22,3
1,63,-23,2
1,64,-23,0
1,65,-23,-1
1,66,-22,-2
1,67,-22,-4
1,68,-22,-5
1,69,-22,-7
1,70,-21,-8
1,71,-21,-9
1,72,-20,-10
1,73,-19,-12
1,74,-19,-13
1,75,-18,-14
1,76,-17,-15
1,77,-16,-16
1,78,-15,-17
1,79,-14,-18
1,80,-13,-18
1,81,-12,-19
1,82,-10,-20
1,83,-9,-20
1,84,-8,-21
1,85,-6,-21
1,86,-5,-22
1,87,-4,-22
1,88,-2,-22
1,89,-1,-22
1,90,0,-22
1,91,2,-22
1,92,3,-22
1,93,5,-22
1,94,6,-21
1,95,7,-21
1,96,8,-21
1,97,10,-20
1,98,11,-20
1,99,12,-19
1,100,13,-18
1,101,15,-17
1,102,16,-16
1,103,16,-15
1,104,17,-14
1,105,18,-13
1,106,19,-12
1,107,19,-11
1,108,20,-10
1,109,20,-8
1,110,21,-7
1,111,21,-6
1,112,21,-4
1,113,22,-3
1,114,22,-2
1,115,22,0
1,116,22,1
1,117,21,2
1,118,21,4
1,119,21,5
1,120,20,6
1,121,20,8
1,122,19,9
1,123,19,10
1,124,18,11
1,125,17,12
1,126,16,13
1,127,16,14
1,128,15,15
1,129,14,16
1,130,13,17
1,131,11,18
1,132,10,19
1,133,9,20
1,134,8,21
1,135,6,22
1,136,5,22
1,137,4,23
1,138,2,23
1,139,1,23
1,140,-1,23
1,141,-2,24
1,142,-4,24
1,143,-5,23
1,144,-6,23
1,145,-8,23
1,146,-9,23
1,147,-11,22
1,148,-12,22
1,149,-13,21
1,150,-14,21
1,151,-15,20
1,152,-17,19
1,153,-18,18
1,154,-19,17
1,155,-20,16
1,156,-20,15
1,157,-21,14
1,158,-22,12
1,159,-22,11
1,160,-23,10
1,161,-23,8
1,162,-24,7
1,163,-24,6
1,164,-24,4
1,165,-25,3
1,166,-25,1
1,167,-25,0
1,168,-25,-1
1,169,-24,-3
1,170,-24,-4
1,171,-24,-6
1,172,-23,-7
1,173,-23,-8
1,174,-22,-9
1,175,-22,-11
1,176,-21,-12
1,177,-20,-13
1,178,-19,-14
1,179,-18,-15
1,180,-17,-16
1,181,-16,-17
1,182,-15,-18
1,183,-14,-19
1,184,-13,-19
1,185,-11,-20
1,186,-10,-20
1,187,-9,-21
1,188,-7,-21
1,189,-6,-21
1,190,-5,-22
1,191,-3,-22
1,192,-2,-22
1,193,-1,-22
1,194,1,-22
1,195,2,-22
1,196,4,-21
1,197,5,-21
1,198,6,-21
1,199,7,-20
1,200,9,-19
1,201,10,-19
1,202,11,-18
1,203,12,-17
1,204,13,-17
1,205,14,-16
1,206,15,-14
1,207,16,-13
1,208,17,-12
1,209,17,-11
1,210,18,-10
1,211,19,-8
1,212,19,-7
1,213,20,-6
1,214,20,-4
1,215,20,-3
1,216,20,-2
1,217,20,0
1,218,20,1
1,219,20,3
1,220,20,4
1,221,20,5
1,222,20,7
1,223,19,8
1,224,19,9
1,225,18,10
1,226,18,12
1,227,17,13
1,228,16,14
1,229,15,15
1,230,15,16
1,231,14,17
1,232,13,18
1,233,11,19
1,234,10,20
1,235,9,20
1,236,8,21
1,237,7,21
1,238,5,22
1,239,4,22
1,240,3,23
1,241,1,23
1,242,0,23
1,243,-1,23
1,244,-3,23
1,245,-4,23
1,246,-5,23
1,247,-7,23
1,248,-8,22
1,249,-9,22
1,250,-10,21
1,251,-12,21
1,252,-13,20
1,253,-14,20
1,254,-15,19
1,255,-16,18
1,256,-17,17
1,257,-18,16
1,258,-19,15
1,259,-20,14
1,260,-20,12
1,261,-21,11
1,262,-22,10
1,263,-22,9
1,264,-23,7
1,265,-23,6
1,266,-23,5
1,267,-23,3
1,268,-24,2
1,269,-24,0
1,270,-24,-1
1,271,-23,-2
1,272,-23,-4
1,273,-23,-5
1,274,-23,-6
1,275,-22,-8
1,276,-22,-9
1,277,-21,-10
1,278,-20,-11
1,279,-20,-13
1,280,-19,-14
1,281,-18,-15
1,282,-17,-16
1,283,-16,-17
1,284,-15,-17
1,285,-13,-18
1,286,-12,-19
1,287,-11,-19
1,288,-10,-20
1,289,-8,-20
1,290,-7,-21
1,291,-6,-21
1,292,-4,-21
1,293,-3,-22
1,294,-2,-22
1,295,0,-22
1,296,1,-22
1,297,2,-21
1,298,4,-21
1,299,5,-21
1,300,6,-20
1,301,8,-20
1,302,9,-20
1,303,10,-19
1,304,11,-18
1,305,12,-17
1,306,13,-17
1,307,14,-16
1,308,15,-15
1,309,16,-14
1,310,17,-12
1,311,18,-11
1,312,18,-10
1,313,19,-9
1,314,19,-7
1,315,20,-6
1,316,20,-5
1,317,20,-3
1,318,21,-2
1,319,21,-1
1,320,21,1
1,321,21,2
1,322,21,4
1,323,20,5
1,324,20,6
1,325,20,8
1,326,19,9
1,327,19,10
1,328,18,12
1,329,18,13
1,330,17,14
1,331,16,15
1,332,15,16
1,333,14,17
1,334,13,18
1,335,12,19
1,336,11,19
1,337,10,20
1,338,9,21
1,339,7,21
1,340,6,22
1,341,5,22
1,342,3,23
1,343,2,23
1,344,1,23
1,345,-1,23
1,346,-2,23
1,347,-3,23
1,348,-5,23
1,349,-6,23
1,350,-7,22
1,351,-9,22
1,352,-10,21
1,353,-11,21
1,354,-12,20
1,355,-13,20
1,356,-15,19
1,357,-16,18
1,358,-17,17
1,359,-18,16
1,360,-18,15
1,361,-19,14
1,362,-20,13
1,363,-21,12
1,364,-21,10
1,365,-22,9
1,366,-22,8
1,367,-22,6
1,368,-23,5
1,369,-23,4
1,370,-23,2
1,371,-23,1
1,372,-23,-1
1,373,-23,-2
1,374,-23,-3
1,375,-22,-5
1,376,-22,-6
1,377,-22,-7
1,378,-21,-9
1,379,-21,-10
1,380,-20,-11
1,381,-19,-12
1,382,-18,-13
1,383,-18,-14
1,384,-17,-15
1,385,-16,-16
1,386,-14,-17
1,387,-13,-18
1,388,-12,-19
1,389,-11,-19
1,390,-10,-20
1,391,-8,-20
1,392,-7,-21
1,393,-6,-21
1,394,-4,-21
1,395,-3,-22
1,396,-2,-22
1,397,0,-22
1,398,1,-22
1,399,3,-22
1,400,4,-21
1,401,5,-21
1,402,7,-21
1,403,8,-20
1,404,9,-20
1,405,10,-19
1,406,12,-18
1,407,13,-18
1,408,14,-17
1,409,15,-16
1,410,16,-15
1,411,17,-14
1,412,18,-13
1,413,18,-11
1,414,19,-10
1,415,20,-9
1,416,20,-8
1,417,21,-6
1,418,21,-5
1,419,21,-4
1,420,22,-2
1,421,22,-1
1,422,22,1
1,423,22,2
1,424,22,3
1,425,21,5
1,426,21,6
1,427,21,7
1,428,21,9
1,429,20,10
1,430,20,11
1,431,19,13
1,432,18,14
1,433,17,15
1,434,17,16
1,435,16,17
1,436,15,18
1,437,13,19
1,438,12,19
1,439,11,20
1,440,10,21
1,441,9,21
1,442,7,22
1,443,6,22
1,444,5,23
1,445,3,23
1,446,2,23
1,447,1,23
1,448,-1,23
1,449,-2,23
1,450,-3,23
1,451,-5,23
1,452,-6,23
1,453,-8,23
1,454,-9,22
1,455,-10,22
1,456,-11,21
1,457,-13,20
1,458,-14,20
1,459,-15,19
1,460,-16,18
1,461,-17,17
1,462,-18,16
1,463,-19,15
1,464,-19,14
1,465,-20,12
1,466,-21,11
1,467,-21,10
1,468,-22,8
1,469,-22,7
1,470,-23,6
1,471,-23,4
1,472,-23,3
1,473,-23,1
1,474,-23,0
1,475,-23,-1
1,476,-23,-3
1,477,-23,-4
1,478,-22,-5
1,479,-22,-7
1,480,-21,-8
1,481,-21,-9
1,482,-20,-11
1,483,-20,-12
1,484,-19,-13
1,485,-18,-14
1,486,-17,-15
1,487,-16,-16
1,488,-15,-17
1,489,-14,-18
1,490,-13,-19
1,491,-11,-19
1,492,-10,-20
1,493,-9,-20
1,494,-7,-21
1,495,-6,-21
1,496,-5,-22
1,497,-3,-22
1,498,-2,-22
1,499,-1,-22
1,500,1,-22
1,501,2,-22
1,502,4,-22
1,503,5,-21
1,504,6,-21
1,505,8,-21
1,506,9,-20
1,507,10,-19
1,508,11,-19
1,509,12,-18
1,510,14,-17
1,511,15,-17
1,512,16,-16
1,513,16,-15
1,514,17,-13
1,515,18,-12
1,516,19,-11
1,517,20,-10
1,518,20,-8
1,519,21,-7
1,520,21,-6
1,521,21,-4
1,522,22,-3
1,523,22,-2
1,524,22,0
1,525,22,1
1,526,22,3
1,527,22,4
1,528,22,6
1,529,21,7
1,530,21,8
1,531,20,10
1,532,20,11
1,533,19,12
1,534,18,13
1,535,18,15
1,536,17,16
1,537,16,17
1,538,15,18
1,539,14,19
1,540,13,19
1,541,11,20
1,542,10,21
1,543,9,21
1,544,8,22
1,545,6,22
1,546,5,23
1,547,4,23
1,548,2,23
1,549,1,23
1,550,0,24
1,551,-2,24
1,552,-3,23
1,553,-4,23
1,554,-6,23
1,555,-7,23
1,556,-8,22
1,557,-10,22
1,558,-11,21
1,559,-12,21
1,560,-13,20
1,561,-14,19
1,562,-15,18
1,563,-16,17
1,564,-17,16
1,565,-18,15
1,566,-19,14
1,567,-20,13
1,568,-20,12
1,569,-21,10
1,570,-22,9
1,571,-22,8
1,572,-22,6
1,573,-23,5
1,574,-23,3
1,575,-23,2
1,576,-23,1
1,577,-23,-1
1,578,-23,-2
1,579,-23,-4
1,580,-22,-5
1,581,-22,-6
1,582,-22,-8
1,583,-21,-9
1,584,-20,-10
1,585,-20,-11
1,586,-19,-13
1,587,-18,-14
1,588,-17,-15
1,589,-16,-16
1,590,-15,-17
1,591,-14,-17
1,592,-13,-18
1,593,-12,-19
1,594,-11,-20
1,595,-9,-20
1,596,-8,-21
1,597,-7,-21
1,598,-5,-21
1,599,-4,-22
1,600,-3,-22
1,601,-1,-22
1,602,0,-22
1,603,1,-22
1,604,3,-22
1,605,4,-21
1,606,5,-21
1,607,7,-21
1,608,8,-20
1,609,9,-20
1,610,10,-19
1,611,12,-19
1,612,13,-18
1,613,14,-17
1,614,15,-16
1,615,16,-15
1,616,17,-14
1,617,18,-13
1,618,18,-12
1,619,19,-10
1,620,20,-9
1,621,20,-8
1,622,21,-7
1,623,21,-5
1,624,21,-4
1,625,22,-3
1,626,22,-1
1,627,22,0
1,628,22,2
1,629,22,3
1,630,22,4
1,631,21,6
1,632,21,7
1,633,21,8
1,634,20,10
1,635,20,11
1,636,19,12
1,637,18,13
1,638,18,14
1,639,17,15
1,640,16,16
1,641,15,17
1,642,14,18
1,643,13,19
1,644,11,20
1,645,10,20
1,646,9,21
1,647,7,22
1,648,6,22
1,649,5,22
1,650,3,23
1,651,2,23
1,652,1,23
1,653,-1,23
1,654,-2,23
1,655,-4,23
1,656,-5,23
1,657,-6,22
1,658,-8,22
1,659,-9,22
1,660,-10,21
1,661,-11,20
1,662,-13,20
1,663,-14,19
1,664,-15,18
1,665,-16,17
1,666,-17,16
1,667,-18,15
1,668,-19,14
1,669,-19,13
1,670,-20,12
1,671,-21,11
1,672,-21,9
1,673,-22,8
1,674,-22,7
1,675,-22,5
1,676,-23,4
1,677,-23,3
1,678,-23,1
1,679,-23,0
1,680,-23,-2
1,681,-23,-3
1,682,-23,-4
1,683,-22,-6
1,684,-22,-7
1,685,-21,-8
1,686,-21,-9
1,687,-20,-11
1,688,-20,-12
1,689,-19,-13
1,690,-18,-14
1,691,-17,-15
1,692,-16,-16
1,693,-15,-17
1,694,-14,-18
1,695,-13,-19
1,696,-11,-19
1,697,-10,-20
1,698,-9,-20
1,699,-8,-21
1,700,-6,-21
1,701,-5,-22
1,702,-3,-22
1,703,-2,-22
1,704,-1,-22
1,705,1,-22
1,706,2,-22
1,707,4,-22
1,708,5,-21
1,709,6,-21
1,710,8,-21
1,711,9,-20
1,712,10,-20
1,713,11,-19
1,714,13,-18
1,715,14,-17
1,716,15,-17
1,717,16,-16
1,718,17,-15
1,719,18,-13
1,720,18,-12
1,721,19,-11
1,722,20,-10
1,723,20,-9
1,724,21,-7
1,725,21,-6
1,726,22,-5
1,727,22,-3
1,728,22,-2
1,729,22,0
1,730,22,1
1,731,22,2
1,732,22,4
1,733,22,5
1,734,22,7
1,735,21,8
1,736,21,9
1,737,20,10
1,738,20,12
1,739,19,13
1,740,18,14
1,741,18,15
1,742,17,16
1,743,16,17
1,744,15,18
1,745,14,19
1,746,12,20
1,747,11,21
1,748,10,21
1,749,8,22
1,750,7,22
1,751,6,23
1,752,4,23
1,753,3,23
1,754,2,24
1,755,0,24
1,756,-1,24
1,757,-3,24
1,758,-4,23
1,759,-5,23
1,760,-7,23
1,761,-8,22
1,762,-9,22
1,763,-11,21
1,764,-12,21
1,765,-13,20
1,766,-14,19
1,767,-15,19
1,768,-16,18
1,769,-17,17
1,770,-18,15
1,771,-19,14
1,772,-20,13
1,773,-21,12
1,774,-21,10
1,775,-22,9
1,776,-22,8
1,777,-23,6
1,778,-23,5
1,779,-23,4
1,780,-23,2
1,781,-24,1
1,782,-23,-1
1,783,-23,-2
1,784,-23,-4
1,785,-23,-5
1,786,-22,-6
1,787,-22,-8
1,788,-22,-9
1,789,-21,-10
1,790,-20,-11
1,791,-20,-13
1,792,-19,-14
1,793,-18,-15
1,794,-17,-16
1,795,-16,-17
1,796,-15,-18
1,797,-13,-18
1,798,-12,-19
1,799,-11,-20
1,800,-10,-20
1,801,-8,-21
1,802,-7,-21
1,803,-5,-22
1,804,-4,-22
1,805,-3,-22
1,806,-1,-22
1,807,0,-22
1,808,2,-22
1,809,3,-22
1,810,4,-22
1,811,6,-21
1,812,7,-21
1,813,8,-21
1,814,10,-20
1,815,11,-19
1,816,12,-19
1,817,13,-18
1,818,14,-17
1,819,15,-16
1,820,16,-15
1,821,17,-14
1,822,18,-13
1,823,19,-12
1,824,20,-10
1,825,20,-9
1,826,21,-8
1,827,21,-6
1,828,22,-5
1,829,22,-4
1,830,22,-2
1,831,22,-1
1,832,22,0
1,833,22,2
1,834,22,3
1,835,22,5
1,836,22,6
1,837,22,7
1,838,21,9
1,839,21,10
1,840,20,11
1,841,19,13
1,842,19,14
1,843,18,15
1,844,17,16
1,845,16,17
1,846,15,18
1,847,14,19
1,848,13,20
1,849,11,20
1,850,10,21
1,851,9,22
1,852,8,22
1,853,6,23
1,854,5,23
1,855,3,23
1,856,2,23
1,857,1,23
1,858,-1,23
1,859,-2,23
1,860,-4,23
1,861,-5,23
1,862,-6,23
1,863,-8,22
1,864,-9,22
1,865,-10,21
1,866,-11,21
1,867,-13,20
1,868,-14,19
1,869,-15,19
1,870,-16,18
1,871,-17,17
1,872,-18,16
1,873,-19,14
1,874,-20,13
1,875,-20,12
1,876,-21,11
1,877,-21,9
1,878,-22,8
1,879,-22,7
1,880,-23,5
1,881,-23,4
1,882,-23,3
1,883,-23,1
1,884,-23,0
1,885,-23,-2
1,886,-23,-3
1,887,-23,-5
1,888,-22,-6
1,889,-22,-7
1,890,-21,-9
1,891,-21,-10
1,892,-20,-11
1,893,-19,-12
1,894,-19,-13
1,895,-18,-15
1,896,-17,-15
1,897,-16,-16
1,898,-15,-17
1,899,-14,-18
1,900,-12,-19
1,901,-11,-20
1,902,-10,-20
1,903,-9,-21
1,904,-7,-21
1,905,-6,-22
1,906,-5,-22
1,907,-3,-22
1,908,-2,-23
1,909,0,-23
1,910,1,-23
1,911,2,-22
1,912,4,-22
1,913,5,-22
1,914,7,-22
1,915,8,-21
1,916,9,-21
1,917,11,-20
1,918,12,-19
1,919,13,-19
1,920,14,-18
1,921,15,-17
1,922,16,-16
1,923,17,-15
1,924,18,-14
1,925,19,-12
1,926,19,-11
1,927,20,-10
1,928,21,-9
1,929,21,-7
1,930,22,-6
1,931,22,-5
1,932,22,-3
1,933,22,-2
1,934,23,0
1,935,23,1
1,936,23,2
1,937,22,4
1,938,22,5
1,939,22,7
1,940,21,8
1,941,21,9
1,942,20,11
1,943,20,12
1,944,19,13
1,945,18,14
1,946,18,15
1,947,17,16
1,948,16,17
1,949,14,18
1,950,13,19
1,951,12,20
1,952,11,20
1,953,10,21
1,954,8,22
1,955,7,22
1,956,6,22
1,957,4,23
1,958,3,23
1,959,1,23
1,960,0,23
1,961,-1,23
1,962,-3,23
1,963,-4,23
1,964,-6,23
1,965,-7,22
1,966,-8,22
1,967,-10,21
1,968,-11,21
1,969,-12,20
1,970,-13,19
1,971,-14,19
1,972,-15,18
1,973,-16,17
1,974,-17,16
1,975,-18,14
1,976,-19,13
1,977,-20,12
1,978,-20,11
1,979,-21,9
1,980,-22,8
1,981,-22,7
1,982,-22,5
1,983,-23,4
1,984,-23,3
1,985,-23,1
1,986,-23,0
1,987,-23,-2
1,988,-23,-3
1,989,-22,-4
1,990,-22,-6
1,991,-22,-7
1,992,-21,-8
1,993,-21,-10
1,994,-20,-11
1,995,-20,-12
1,996,-19,-13
1,997,-18,-14
1,998,-17,-16
1,999,-16,-16
1,1000,-15,-17
1,1001,-14,-18
1,1002,-13,-19
1,1003,-12,-20
1,1004,-10,-20
1,1005,-9,-21
1,1006,-8,-21
1,1007,-6,-22
1,1008,-5,-22
1,1009,-4,-22
1,1010,-2,-22
1,1011,-1,-23
1,1012,1,-22
1,1013,2,-22
1,1014,3,-22
1,1015,5,-22
1,1016,6,-22
1,1017,7,-21
1,1018,9,-21
1,1019,10,-20
1,1020,11,-19
1,1021,12,-19
1,1022,13,-18
1,1023,14,-17
1,1024,15,-16
1,1025,16,-15
1,1026,17,-14
1,1027,18,-13
1,1028,19,-12
1,1029,20,-10
1,1030,20,-9
1,1031,21,-8
1,1032,21,-7
1,1033,22,-5
1,1034,22,-4
1,1035,22,-2
1,1036,22,-1
1,1037,22,0
1,1038,22,2
1,1039,22,3
1,1040,22,5
1,1041,22,6
1,1042,21,7
1,1043,21,9
1,1044,21,10
1,1045,20,11
1,1046,19,12
1,1047,19,14
1,1048,18,15
1,1049,17,16
1,1050,16,17
1,1051,15,18
1,1052,14,19
1,1053,12,19
1,1054,11,20
1,1055,10,21
1,1056,9,21
1,1057,7,22
1,1058,6,22
1,1059,5,22
1,1060,3,23
1,1061,2,23
1,1062,0,23
1,1063,-1,23
1,1064,-2,23
1,1065,-4,23
1,1066,-5,23
1,1067,-6,22
1,1068,-8,22
1,1069,-9,21
1,1070,-10,21
1,1071,-12,20
1,1072,-13,20
1,1073,-14,19
1,1074,-15,18
1,1075,-16,17
1,1076,-17,16
1,1077,-18,15
1,1078,-19,14
1,1079,-20,12
1,1080,-20,11
1,1081,-21,10
1,1082,-21,9
1,1083,-22,7
1,1084,-22,6
1,1085,-23,5
1,1086,-23,3
1,1087,-23,2
1,1088,-23,0
1,1089,-23,-1
1,1090,-23,-2
1,1091,-23,-4
1,1092,-22,-5
1,1093,-22,-7
1,1094,-22,-8
1,1095,-21,-9
1,1096,-21,-11
1,1097,-20,-12
1,1098,-19,-13
1,1099,-18,-14
1,1100,-18,-15
1,1101,-17,-16
1,1102,-15,-17
1,1103,-14,-18
1,1104,-13,-19
1,1105,-12,-20
1,1106,-11,-20
1,1107,-9,-21
1,1108,-8,-21
1,1109,-7,-22
1,1110,-5,-22
1,1111,-4,-22
1,1112,-3,-22
1,1113,-1,-22
1,1114,0,-22
1,1115,1,-22
1,1116,3,-22
1,1117,4,-22
1,1118,6,-22
1,1119,7,-21
1,1120,8,-21
1,1121,9,-20
1,1122,11,-20
1,1123,12,-19
1,1124,13,-18
1,1125,14,-18
1,1126,15,-17
1,1127,16,-16
1,1128,17,-15
1,1129,18,-13
1,1130,19,-12
1,1131,20,-11
1,1132,20,-10
1,1133,21,-9
1,1134,21,-7
1,1135,22,-6
1,1136,22,-5
1,1137,22,-3
1,1138,23,-2
1,1139,23,0
1,1140,23,1
1,1141,23,2
1,1142,22,4
1,1143,22,5
1,1144,22,7
1,1145,22,8
1,1146,21,9
1,1147,21,11
1,1148,20,12
1,1149,19,13
1,1150,19,14
1,1151,18,15
1,1152,17,16
1,1153,16,17
1,1154,15,18
1,1155,13,19
1,1156,12,20
1,1157,11,20
1,1158,10,21
1,1159,8,21
1,1160,7,22
1,1161,6,22
1,1162,4,22
1,1163,3,23
1,1164,1,23
1,1165,0,23
1,1166,-1,23
1,1167,-3,23
1,1168,-4,22
1,1169,-6,22
1,1170,-7,22
1,1171,-8,21
1,1172,-10,21
1,1173,-11,20
1,1174,-12,19
1,1175,-13,19
1,1176,-14,18
1,1177,-15,17
1,1178,-16,16
1,1179,-17,15
1,1180,-18,14
1,1181,-19,13
1,1182,-20,11
1,1183,-20,10
1,1184,-21,9
1,1185,-21,7
1,1186,-22,6
1,1187,-22,5
1,1188,-22,3
1,1189,-23,2
1,1190,-23,1
1,1191,-23,-1
1,1192,-23,-2
1,1193,-22,-4
1,1194,-22,-5
1,1195,-22,-6
1,1196,-22,-8
1,1197,-21,-9
1,1198,-21,-10
1,1199,-20,-11
1,1200,-19,-13
1,1201,-19,-14
1,1202,-18,-15
1,1203,-17,-16
1,1204,-16,-17
1,1205,-15,-18
1,1206,-13,-19
1,1207,-12,-19
1,1208,-11,-20
1,1209,-10,-21
1,1210,-8,-21
1,1211,-7,-22
1,1212,-6,-22
1,1213,-4,-22
1,1214,-3,-22
1,1215,-1,-23
1,1216,0,-23
1,1217,1,-23
1,1218,3,-23
1,1219,4,-22
1,1220,6,-22
1,1221,7,-22
1,1222,8,-21
1,1223,10,-21
1,1224,11,-20
1,1225,12,-19
1,1226,13,-19
1,1227,14,-18
1,1228,15,-17
1,1229,17,-16
1,1230,17,-15
1,1231,18,-14
1,1232,19,-13
1,1233,20,-11
1,1234,21,-10
1,1235,21,-9
1,1236,22,-8
1,1237,22,-6
1,1238,22,-5
1,1239,23,-3
1,1240,23,-2
1,1241,23,-1
1,1242,23,1
1,1243,23,2
1,1244,23,4
1,1245,23,5
1,1246,22,6
1,1247,22,8
1,1248,21,9
1,1249,21,10
1,1250,20,11
1,1251,20,13
1,1252,19,14
1,1253,18,15
1,1254,17,16
1,1255,16,17
1,1256,15,18
1,1257,14,19
1,1258,13,19
1,1259,11,20
1,1260,10,21
1,1261,9,21
1,1262,8,22
1,1263,6,22
1,1264,5,23
1,1265,3,23
1,1266,2,23
1,1267,1,23
1,1268,-1,23
1,1269,-2,23
1,1270,-4,23
1,1271,-5,22
1,1272,-6,22
1,1273,-8,22
1,1274,-9,21
1,1275,-10,21
1,1276,-12,20
1,1277,-13,19
1,1278,-14,19
1,1279,-15,18
1,1280,-16,17
1,1281,-17,16
1,1282,-18,15
1,1283,-19,13
1,1284,-19,12
1,1285,-20,11
1,1286,-21,10
1,1287,-21,8
1,1288,-22,7
1,1289,-22,6
1,1290,-22,4
1,1291,-23,3
1,1292,-23,1
1,1293,-23,0
1,1294,-23,-1
1,1295,-23,-3
1,1296,-22,-4
1,1297,-22,-5
1,1298,-22,-7
1,1299,-21,-8
1,1300,-21,-9
1,1301,-20,-11
1,1302,-19,-12
1,1303,-19,-13
1,1304,-18,-14
1,1305,-17,-15
1,1306,-16,-16
1,1307,-15,-17
1,1308,-14,-18
1,1309,-13,-19
1,1310,-11,-19
1,1311,-10,-20
1,1312,-9,-21
1,1313,-7,-21
1,1314,-6,-21
1,1315,-5,-22
1,1316,-3,-22
1,1317,-2,-22
1,1318,-1,-22
1,1319,1,-22
1,1320,2,-22
1,1321,4,-22
1,1322,5,-22
1,1323,6,-22
1,1324,8,-21
1,1325,9,-21
1,1326,10,-20
1,1327,11,-20
1,1328,12,-19
1,1329,14,-18
1,1330,15,-17
1,1331,16,-16
1,1332,17,-15
1,1333,18,-14
1,1334,18,-13
1,1335,19,-12
1,1336,20,-11
1,1337,20,-9
1,1338,21,-8
1,1339,21,-7
1,1340,22,-5
1,1341,22,-4
1,1342,22,-3
1,1343,22,-1
1,1344,23,0
1,1345,22,1
1,1346,22,3
1,1347,22,4
1,1348,22,6
1,1349,22,7
1,1350,21,8
1,1351,21,10
1,1352,20,11
1,1353,20,12
1,1354,19,13
1,1355,18,14
1,1356,17,15
1,1357,16,16
1,1358,15,17
1,1359,14,18
1,1360,13,19
1,1361,12,20
1,1362,10,20
1,1363,9,21
1,1364,8,21
1,1365,6,22
1,1366,5,22
1,1367,4,22
1,1368,2,22
1,1369,1,23
1,1370,-1,23
1,1371,-2,22
1,1372,-3,22
1,1373,-5,22
1,1374,-6,22
1,1375,-7,21
1,1376,-9,21
1,1377,-10,20
1,1378,-11,20
1,1379,-12,19
1,1380,-13,18
1,1381,-15,17
1,1382,-16,17
1,1383,-17,16
1,1384,-17,14
1,1385,-18,13
1,1386,-19,12
1,1387,-20,11
1,1388,-20,10
1,1389,-21,8
1,1390,-21,7
1,1391,-22,6
1,1392,-22,5
1,1393,-22,3
1,1394,-23,2
1,1395,-23,0
1,1396,-23,-1
1,1397,-22,-2
1,1398,-22,-4
1,1399,-22,-5
1,1400,-22,-6
1,1401,-21,-8
1,1402,-21,-9
1,1403,-20,-10
1,1404,-20,-11
1,1405,-19,-13
1,1406,-18,-14
1,1407,-17,-15
1,1408,-16,-16
1,1409,-15,-17
1,1410,-14,-18
1,1411,-13,-18
1,1412,-12,-19
1,1413,-10,-20
1,1414,-9,-20
1,1415,-8,-21
1,1416,-7,-21
1,1417,-5,-22
1,1418,-4,-22
1,1419,-2,-22
1,1420,-1,-22
1,1421,0,-22
1,1422,2,-22
1,1423,3,-22
1,1424,5,-22
1,1425,6,-22
1,1426,7,-21
1,1427,9,-21
1,1428,10,-20
1,1429,11,-20
1,1430,12,-19
1,1431,13,-18
1,1432,15,-17
1,1433,16,-16
1,1434,17,-15
1,1435,17,-14
1,1436,18,-13
1,1437,19,-12
1,1438,20,-11
1,1439,20,-10
1,1440,21,-8
1,1441,21,-7
1,1442,22,-6
1,1443,22,-4
1,1444,22,-3
1,1445,23,-2
1,1446,23,0
1,1447,23,1
1,1448,23,2
1,1449,23,4
1,1450,22,5
1,1451,22,7
1,1452,22,8
1,1453,21,9
1,1454,21,10
1,1455,20,12
1,1456,19,13
1,1457,18,14
1,1458,18,15
1,1459,17,16
1,1460,16,17
1,1461,15,18
1,1462,13,19
1,1463,12,19
1,1464,11,20
1,1465,10,21
1,1466,8,21
1,1467,7,21
1,1468,6,22
1,1469,4,22
1,1470,3,22
1,1471,1,22
1,1472,0,22
1,1473,-1,22
1,1474,-3,22
1,1475,-4,22
1,1476,-6,22
1,1477,-7,21
1,1478,-8,21
1,1479,-10,20
1,1480,-11,20
1,1481,-12,19
1,1482,-13,18
1,1483,-15,18
1,1484,-16,17
1,1485,-17,16
1,1486,-17,15
1,1487,-18,13
1,1488,-19,12
1,1489,-20,11
1,1490,-20,10
1,1491,-21,9
1,1492,-21,7
1,1493,-22,6
1,1494,-22,4
1,1495,-22,3
1,1496,-23,2
1,1497,-23,0
1,1498,-23,-1
1,1499,-23,-2
1,1500,-22,-4
1,1501,-22,-5
1,1502,-22,-6
1,1503,-21,-8
1,1504,-21,-9
1,1505,-20,-10
1,1506,-20,-11
1,1507,-19,-13
1,1508,-18,-14
1,1509,-18,-15
1,1510,-17,-16
1,1511,-16,-17
1,1512,-15,-18
1,1513,-13,-18
1,1514,-12,-19
1,1515,-11,-20
1,1516,-10,-21
1,1517,-8,-21
1,1518,-7,-22
1,1519,-6,-22
1,1520,-4,-22
1,1521,-3,-22
1,1522,-2,-23
1,1523,0,-23
1,1524,1,-23
1,1525,3,-23
1,1526,4,-22
1,1527,5,-22
1,1528,7,-22
1,1529,8,-21
1,1530,9,-21
1,1531,11,-20
1,1532,12,-19
1,1533,13,-19
1,1534,14,-18
1,1535,15,-17
1,1536,16,-16
1,1537,17,-15
1,1538,18,-14
1,1539,19,-13
1,1540,19,-12
1,1541,20,-10
1,1542,21,-9
1,1543,21,-8
1,1544,22,-6
1,1545,22,-5
1,1546,22,-4
1,1547,23,-2
1,1548,23,-1
1,1549,23,1
1,1550,23,2
1,1551,23,3
1,1552,22,5
1,1553,22,6
1,1554,22,8
1,1555,21,9
1,1556,21,10
1,1557,20,11
1,1558,19,13
1,1559,19,14
1,1560,18,15
1,1561,17,16
1,1562,16,17
1,1563,15,18
1,1564,13,19
1,1565,12,19
1,1566,11,20
1,1567,10,21
1,1568,8,21
1,1569,7,21
1,1570,6,22
1,1571,4,22
1,1572,3,22
1,1573,1,22
1,1574,0,23
1,1575,-1,22
1,1576,-3,22
1,1577,-4,22
1,1578,-6,22
1,1579,-7,22
1,1580,-8,21
1,1581,-10,20
1,1582,-11,20
1,1583,-12,19
1,1584,-13,18
1,1585,-14,18
1,1586,-15,17
1,1587,-16,16
1,1588,-17,15
1,1589,-18,14
1,1590,-19,12
1,1591,-20,11
1,1592,-20,10
1,1593,-21,9
1,1594,-21,7
1,1595,-22,6
1,1596,-22,5
1,1597,-22,3
1,1598,-23,2
1,1599,-23,1
1,1600,-23,-1
1,1601,-23,-2
1,1602,-23,-4
1,1603,-22,-5
1,1604,-22,-6
1,1605,-22,-8
1,1606,-21,-9
1,1607,-21,-10
1,1608,-20,-11
1,1609,-19,-13
1,1610,-19,-14
1,1611,-18,-15
1,1612,-17,-16
1,1613,-16,-17
1,1614,-15,-18
1,1615,-14,-18
1,1616,-12,-19
1,1617,-11,-20
1,1618,-10,-20
1,1619,-9,-21
1,1620,-7,-21
1,1621,-6,-22
1,1622,-5,-22
1,1623,-3,-22
1,1624,-2,-22
1,1625,0,-23
1,1626,1,-22
1,1627,2,-22
1,1628,4,-22
1,1629,5,-22
1,1630,6,-21
1,1631,8,-21
1,1632,9,-20
1,1633,10,-20
1,1634,11,-19
1,1635,12,-19
1,1636,14,-18
1,1637,15,-17
1,1638,16,-16
1,1639,17,-15
1,1640,17,-14
1,1641,18,-13
1,1642,19,-12
1,1643,20,-11
1,1644,20,-9
1,1645,21,-8
1,1646,21,-7
1,1647,22,-5
1,1648,22,-4
1,1649,22,-3
1,1650,22,-1
1,1651,22,0
1,1652,22,1
1,1653,22,3
1,1654,22,4
1,1655,22,5
1,1656,21,7
1,1657,21,8
1,1658,20,9
1,1659,20,10
1,1660,19,12
1,1661,18,13
1,1662,18,14
1,1663,17,15
1,1664,16,16
1,1665,15,17
1,1666,14,18
1,1667,12,18
1,1668,11,19
1,1669,10,20
1,1670,9,20
1,1671,7,21
1,1672,6,21
1,1673,5,22
1,1674,3,22
1,1675,2,22
1,1676,0,22
1,1677,-1,22
1,1678,-2,22
1,1679,-4,22
1,1680,-5,21
1,1681,-7,21
1,1682,-8,21
1,1683,-9,20
1,1684,-10,20
1,1685,-12,19
1,1686,-13,18
1,1687,-14,17
1,1688,-15,17
1,1689,-16,16
1,1690,-17,15
1,1691,-18,14
1,1692,-19,12
1,1693,-19,11
1,1694,-20,10
1,1695,-20,9
1,1696,-21,7
1,1697,-21,6
1,1698,-22,5
1,1699,-22,4
1,1700,-22,2
1,1701,-22,1
1,1702,-23,-1
1,1703,-22,-2
1,1704,-22,-3
1,1705,-22,-5
1,1706,-22,-6
1,1707,-22,-7
1,1708,-21,-8
1,1709,-21,-10
1,1710,-20,-11
1,1711,-19,-12
1,1712,-19,-13
1,1713,-18,-14
1,1714,-17,-15
1,1715,-16,-16
1,1716,-15,-17
1,1717,-14,-18
1,1718,-13,-19
1,1719,-12,-19
1,1720,-10,-20
1,1721,-9,-21
1,1722,-8,-21
1,1723,-6,-22
1,1724,-5,-22
1,1725,-4,-22
1,1726,-2,-22
1,1727,-1,-22
1,1728,0,-22
1,1729,2,-22
1,1730,3,-22
1,1731,4,-22
1,1732,6,-22
1,1733,7,-21
1,1734,8,-21
1,1735,10,-20
1,1736,11,-20
1,1737,12,-19
1,1738,13,-18
1,1739,14,-17
1,1740,15,-17
1,1741,16,-16
1,1742,17,-15
1,1743,18,-13
1,1744,18,-12
1,1745,19,-11
1,1746,20,-10
1,1747,20,-9
1,1748,21,-7
1,1749,21,-6
1,1750,21,-5
1,1751,22,-3
1,1752,22,-2
1,1753,22,-1
1,1754,22,1
1,1755,22,2
1,1756,21,3
1,1757,21,5
1,1758,21,6
1,1759,20,7
1,1760,20,9
1,1761,19,10
1,1762,19,11
1,1763,18,12
1,1764,17,13
1,1765,16,14
1,1766,16,15
1,1767,15,16
1,1768,13,17
1,1769,12,18
1,1770,11,18
1,1771,10,19
1,1772,9,20
1,1773,7,20
1,1774,6,21
1,1775,5,21
1,1776,4,21
1,1777,2,21
1,1778,1,22
1,1779,0,22
1,1780,-2,22
1,1781,-3,21
1,1782,-4,21
1,1783,-6,21
1,1784,-7,21
1,1785,-8,20
1,1786,-10,20
1,1787,-11,19
1,1788,-12,18
1,1789,-13,18
1,1790,-14,17
1,1791,-15,16
1,1792,-16,15
1,1793,-17,14
1,1794,-18,13
1,1795,-19,12
1,1796,-19,11
1,1797,-20,10
1,1798,-20,8
1,1799,-21,7
1,1800,-21,6
1,1801,-22,4
1,1802,-22,3
1,1803,-22,2
1,1804,-22,0
1,1805,-22,-1
1,1806,-22,-2
1,1807,-22,-4
1,1808,-22,-5
1,1809,-21,-6
1,1810,-21,-7
1,1811,-21,-9
1,1812,-20,-10
1,1813,-19,-11
1,1814,-19,-12
1,1815,-18,-13
1,1816,-17,-14
1,1817,-16,-15
1,1818,-15,-16
1,1819,-14,-17
1,1820,-13,-18
1,1821,-12,-19
1,1822,-11,-19
1,1823,-9,-20
1,1824,-8,-20
1,1825,-7,-21
1,1826,-6,-21
1,1827,-4,-22
1,1828,-3,-22
1,1829,-2,-22
1,1830,0,-22
1,1831,1,-22
1,1832,2,-22
1,1833,4,-22
1,1834,5,-21
1,1835,6,-21
1,1836,8,-21
1,1837,9,-20
1,1838,10,-20
1,1839,11,-19
1,1840,12,-18
1,1841,13,-18
1,1842,14,-17
1,1843,15,-16
1,1844,16,-15
1,1845,17,-14
1,1846,18,-13
1,1847,18,-12
1,1848,19,-10
1,1849,20,-9
1,1850,20,-8
1,1851,21,-7
1,1852,21,-5
1,1853,21,-4
1,1854,21,-3
1,1855,21,-1
1,1856,21,0
1,1857,21,1
1,1858,21,2
1,1859,21,4
1,1860,21,5
1,1861,20,6
1,1862,20,8
1,1863,20,9
1,1864,19,10
1,1865,18,11
1,1866,18,12
1,1867,17,13
1,1868,16,14
1,1869,15,15
1,1870,14,16
1,1871,13,17
1,1872,12,18
1,1873,11,18
1,1874,10,19
1,1875,8,19
1,1876,7,20
1,1877,6,20
1,1878,5,21
1,1879,3,21
1,1880,2,21
1,1881,1,21
1,1882,-1,21
1,1883,-2,21
1,1884,-3,21
1,1885,-5,21
1,1886,-6,21
1,1887,-7,20
1,1888,-9,20
1,1889,-10,19
1,1890,-11,19
1,1891,-12,18
1,1892,-13,18
1,1893,-15,17
1,1894,-16,16
1,1895,-17,15
1,1896,-17,14
1,1897,-18,13
1,1898,-19,12
1,1899,-20,11
1,1900,-21,10
1,1901,-21,8
1,1902,-22,7
1,1903,-22,6
1,1904,-22,5
1,1905,-23,3
1,1906,-23,2
1,1907,-23,1
1,1908,-23,-1
1,1909,-23,-2
1,1910,-23,-3
1,1911,-23,-5
1,1912,-23,-6
1,1913,-23,-7
1,1914,-22,-9
1,1915,-22,-10
1,1916,-21,-11
1,1917,-21,-12
1,1918,-20,-13
1,1919,-19,-15
1,1920,-18,-16
1,1921,-17,-17
1,1922,-16,-18
1,1923,-15,-18
1,1924,-13,-19
1,1925,-12,-20
1,1926,-11,-20
1,1927,-9,-21
1,1928,-8,-21
1,1929,-6,-22
1,1930,-5,-22
1,1931,-3,-22
1,1932,-2,-22
1,1933,0,-22
1,1934,1,-22
1,1935,3,-22
1,1936,4,-22
1,1937,5,-22
1,1938,7,-21
1,1939,8,-21
1,1940,10,-20
1,1941,11,-19
1,1942,12,-19
1,1943,13,-18
1,1944,14,-17
1,1945,15,-16
1,1946,16,-15
1,1947,17,-14
1,1948,18,-13
1,1949,19,-12
1,1950,19,-11
1,1951,20,-9
1,1952,20,-8
1,1953,21,-7
1,1954,21,-6
1,1955,22,-4
1,1956,22,-3
1,1957,22,-2
1,1958,22,0
1,1959,22,1
1,1960,22,3
1,1961,22,4
1,1962,21,5
1,1963,21,6
1,1964,21,8
1,1965,20,9
1,1966,20,10
1,1967,19,11
1,1968,18,13
1,1969,17,14
1,1970,17,15
1,1971,16,16
1,1972,15,17
1,1973,14,18
1,1974,12,18
1,1975,11,19
1,1976,10,20
1,1977,9,20
1,1978,8,21
1,1979,6,21
1,1980,5,22
1,1981,4,22
1,1982,2,22
1,1983,1,22
1,1984,0,22
1,1985,-2,22
1,1986,-3,22
1,1987,-5,22
1,1988,-6,22
1,1989,-7,21
1,1990,-9,21
1,1991,-10,21
1,1992,-11,20
1,1993,-12,19
1,1994,-14,19
1,1995,-15,18
1,1996,-16,17
1,1997,-17,16
1,1998,-18,15
1,1999,-18,14
1,2000,-19,13
1,2001,-20,11
1,2002,-20,10
1,2003,-21,9
1,2004,-21,8
1,2005,-22,6
1,2006,-22,5
1,2007,-22,4
1,2008,-22,2
1,2009,-22,1
1,2010,-22,0
1,2011,-22,-2
1,2012,-22,-3
1,2013,-22,-5
1,2014,-22,-6
1,2015,-21,-7
1,2016,-21,-8
1,2017,-20,-10
1,2018,-20,-11
1,2019,-19,-12
1,2020,-18,-13
1,2021,-17,-14
1,2022,-16,-15
1,2023,-15,-16
1,2024,-14,-17
1,2025,-13,-18
1,2026,-12,-19
1,2027,-11,-19
1,2028,-10,-20
1,2029,-8,-21
1,2030,-7,-21
1,2031,-6,-21
1,2032,-4,-22
1,2033,-3,-22
1,2034,-2,-22
1,2035,0,-22
1,2036,1,-22
1,2037,3,-22
1,2038,4,-22
1,2039,5,-22
1,2040,7,-21
1,2041,8,-21
1,2042,9,-21
1,2043,11,-20
1,2044,12,-19
1,2045,13,-19
1,2046,14,-18
1,2047,15,-17
