cycle,range_bin,doppler_bin,output_hex
1430025000,0,0,fed8ff8a
1430035000,0,1,01f5ffa9
1430045000,0,2,fec400c4
1430055000,0,3,00bcff33
1430065000,0,4,fefaff6a
1430075000,0,5,013d01cf
1430085000,0,6,fe7cffb0
1430095000,0,7,00bffdc2
1430105000,0,8,01b801f2
1430115000,0,9,fdadffdf
1430125000,0,10,000eff9e
1430135000,0,11,ffe8fff5
1430145000,0,12,0132008a
1430155000,0,13,00ed007d
1430165000,0,14,fdc6fdbe
1430175000,0,15,01010202
1432055000,0,16,023aff68
1432065000,0,17,fead00dd
1432075000,0,18,004f0048
1432085000,0,19,ff83ffde
1432095000,0,20,00b9fe8c
1432105000,0,21,00580397
1432115000,0,22,fefdfede
1432125000,0,23,ff480071
1432135000,0,24,0120fdac
1432145000,0,25,fea3035f
1432155000,0,26,0229fcb6
1432165000,0,27,ffb70256
1432175000,0,28,fe61fea0
1432185000,0,29,019801a5
1432195000,0,30,ff57ff7c
1432205000,0,31,ff3e005b
1434085000,1,0,ffc40001
1434095000,1,1,012a0019
1434105000,1,2,fe6c0111
1434115000,1,3,01b6fdc6
1434125000,1,4,ffb80096
1434135000,1,5,fdf102aa
1434145000,1,6,01d5fca1
1434155000,1,7,ffcc0187
1434165000,1,8,01e0ff0d
1434175000,1,9,fc3e00ad
1434185000,1,10,00ceffd9
1434195000,1,11,01a00104
1434205000,1,12,ff6cfe28
1434215000,1,13,ffb300fc
1434225000,1,14,001100a1
1434235000,1,15,ffeaff4b
1436115000,1,16,fecffc0f
1436125000,1,17,00d7024d
1436135000,1,18,ff440050
1436145000,1,19,00990048
1436155000,1,20,000ffe9e
1436165000,1,21,fea5037a
1436175000,1,22,ffc2fc96
1436185000,1,23,013c01b7
1436195000,1,24,0021fda7
1436205000,1,25,014b01db
1436215000,1,26,fd2c015e
1436225000,1,27,0243fea2
1436235000,1,28,fd6900a8
1436245000,1,29,01fd007e
1436255000,1,30,feaeff68
1436265000,1,31,014c0207
1438145000,2,0,ffb2004b
1438155000,2,1,00b30019
1438165000,2,2,0066fed8
1438175000,2,3,ff390151
1438185000,2,4,00dffed7
1438195000,2,5,fed302ea
1438205000,2,6,0147fbf7
1438215000,2,7,ffe30140
1438225000,2,8,006c0013
1438235000,2,9,fdad0145
1438245000,2,10,0112fce8
1438255000,2,11,007f047f
1438265000,2,12,ffdbfc13
1438275000,2,13,ffe10250
1438285000,2,14,0051feb9
1438295000,2,15,ff6900a0
1440175000,2,16,fbd00015
1440185000,2,17,02a7ffe7
1440195000,2,18,fe0eff77
1440205000,2,19,0022013b
1440215000,2,20,00b2fe01
1440225000,2,21,008100e6
1440235000,2,22,fe320037
1440245000,2,23,0179feac
1440255000,2,24,00340083
1440265000,2,25,ffe901cd
1440275000,2,26,feb2ff49
1440285000,2,27,02160087
1440295000,2,28,fbc2fd17
1440305000,2,29,03eb011a
1440315000,2,30,fe2601f9
1440325000,2,31,0323ff2e
1442205000,3,0,005501d6
1442215000,3,1,ffe9ff22
1442225000,3,2,0042ff65
1442235000,3,3,ff9b016d
1442245000,3,4,022dfe24
1442255000,3,5,fbb702b4
1442265000,3,6,02eefd3a
1442275000,3,7,007701fa
1442285000,3,8,00b1fda2
1442295000,3,9,fbf7017c
1442305000,3,10,02b60045
1442315000,3,11,ff69ffc7
1442325000,3,12,0065fee8
1442335000,3,13,ff2d0236
1442345000,3,14,0172ff10
1442355000,3,15,fed1fed2
1444235000,3,16,ff5f005b
1444245000,3,17,0156009e
1444255000,3,18,fe7bff44
1444265000,3,19,019801da
1444275000,3,20,fe3efd07
1444285000,3,21,024d026e
1444295000,3,22,fd60fd99
1444305000,3,23,02a70194
1444315000,3,24,fec9ff47
1444325000,3,25,00d80296
1444335000,3,26,fd5bfe74
1444345000,3,27,0360ff8e
1444355000,3,28,fc92fee3
1444365000,3,29,01790112
1444375000,3,30,01520143
1444385000,3,31,feadfe40
1446265000,4,0,00d8ffe1
1446275000,4,1,fdf9014b
1446285000,4,2,014eff78
1446295000,4,3,ffd1feac
1446305000,4,4,00610217
1446315000,4,5,fe61000d
1446325000,4,6,01ddfe3e
1446335000,4,7,ff33010d
1446345000,4,8,015efeb5
1446355000,4,9,fd1501d3
1446365000,4,10,01ccffa8
1446375000,4,11,ffe9ff94
1446385000,4,12,ff95ff1b
1446395000,4,13,00f901c1
1446405000,4,14,ff05002a
1446415000,4,15,0083fe77
1448295000,4,16,000effbf
1448305000,4,17,ffec00aa
1448315000,4,18,fe4effe9
1448325000,4,19,0234ff1e
1448335000,4,20,fd6fffec
1448345000,4,21,017901b4
1448355000,4,22,fe74fd4d
1448365000,4,23,02d90190
1448375000,4,24,fcd2ff83
1448385000,4,25,023e0142
1448395000,4,26,fe66007b
1448405000,4,27,ff3efd7a
1448415000,4,28,ffe100f6
1448425000,4,29,0169ff6c
1448435000,4,30,ffc8ffdb
1448445000,4,31,0029011c
1450325000,5,0,00d2fe0f
1450335000,5,1,ff6301f3
1450345000,5,2,ff05ff13
1450355000,5,3,0219ff4a
1450365000,5,4,fd5b00ff
1450375000,5,5,012f0211
1450385000,5,6,0133fc42
1450395000,5,7,ff0f02a2
1450405000,5,8,002afc93
1450415000,5,9,ff71041b
1450425000,5,10,ff89fe05
1450435000,5,11,011d0116
1450445000,5,12,ff95fde3
1450455000,5,13,01010205
1450465000,5,14,fe6bff82
1450475000,5,15,009f007a
1452355000,5,16,fe6d00f9
1452365000,5,17,0214ff4b
1452375000,5,18,fd66fe37
1452385000,5,19,01800266
1452395000,5,20,fef7ff94
1452405000,5,21,0275012d
1452415000,5,22,fd65fd58
1452425000,5,23,01710246
1452435000,5,24,fd39fd73
1452445000,5,25,0412019b
1452455000,5,26,fbce001b
1452465000,5,27,01dcffaa
1452475000,5,28,003ffe68
1452485000,5,29,ff8501c9
1452495000,5,30,005bfffe
1452505000,5,31,0093ff3e
1454385000,6,0,ff600104
1454395000,6,1,00a5fee0
1454405000,6,2,feff0078
1454415000,6,3,0123008f
1454425000,6,4,001dfe73
1454435000,6,5,fea702f9
1454445000,6,6,0190fc74
1454455000,6,7,ff03022e
1454465000,6,8,0108fcd6
1454475000,6,9,fe930442
1454485000,6,10,fef9fe7e
1454495000,6,11,022fff37
1454505000,6,12,ffdb0007
1454515000,6,13,ff090205
1454525000,6,14,00a0fe2a
1454535000,6,15,003b0004
1456415000,6,16,fe8bfeff
1456425000,6,17,0219ffdd
1456435000,6,18,fdf80150
1456445000,6,19,00b6000b
1456455000,6,20,fe30fd26
1456465000,6,21,02a10258
1456475000,6,22,feecfe65
1456485000,6,23,02390144
1456495000,6,24,fc55fde1
1456505000,6,25,032f03d5
1456515000,6,26,fc48fdc2
1456525000,6,27,0290005d
1456535000,6,28,ff74ff4a
1456545000,6,29,ffe7ff1a
1456555000,6,30,ffd000c1
1456565000,6,31,01610158
1458445000,7,0,0179fff1
1458455000,7,1,fde9ffe2
1458465000,7,2,006f0072
1458475000,7,3,0241ff48
1458485000,7,4,fdac005f
1458495000,7,5,ffe801a3
1458505000,7,6,013ffd3a
1458515000,7,7,fec5000f
1458525000,7,8,027702b1
1458535000,7,9,fb89fe18
1458545000,7,10,036b0092
1458555000,7,11,ff1b00b6
1458565000,7,12,00d4feb7
1458575000,7,13,feda00a7
1458585000,7,14,012f0022
1458595000,7,15,fef3ff97
1460475000,7,16,00d30083
1460485000,7,17,ff52fe39
1460495000,7,18,ffb6ff5a
1460505000,7,19,007401d9
1460515000,7,20,01ddfe74
1460525000,7,21,fe990180
1460535000,7,22,0034ff07
1460545000,7,23,00d40177
1460555000,7,24,fe19fd4d
1460565000,7,25,025a01c7
1460575000,7,26,fd90fff8
1460585000,7,27,0036ff23
1460595000,7,28,019bfeb0
1460605000,7,29,ffdb021c
1460615000,7,30,0102ffd3
1460625000,7,31,fe520031
1462505000,8,0,0161ff7f
1462515000,8,1,fed300f3
1462525000,8,2,fe22ff6d
1462535000,8,3,03080053
1462545000,8,4,fe69ffed
1462555000,8,5,ff550115
1462565000,8,6,00d8ffeb
1462575000,8,7,0033fd3b
1462585000,8,8,00b70399
1462595000,8,9,fe73fe9b
1462605000,8,10,0088ffc9
1462615000,8,11,008c00bd
1462625000,8,12,fff3fea7
1462635000,8,13,ffe1005d
1462645000,8,14,fffa01fb
1462655000,8,15,ffcdfded
1464535000,8,16,fe760025
1464545000,8,17,fffcff22
1464555000,8,18,ffe20186
1464565000,8,19,01dafe3e
1464575000,8,20,0013002a
1464585000,8,21,fd6fffa6
1464595000,8,22,029c01b0
1464605000,8,23,fe58fee4
1464615000,8,24,0098fe39
1464625000,8,25,008c0456
1464635000,8,26,fec6faf8
1464645000,8,27,01660198
1464655000,8,28,fdf30040
1464665000,8,29,0169ff32
1464675000,8,30,012001d2
1464685000,8,31,ffc0ff3e
1466565000,9,0,fee801ad
1466575000,9,1,ffa6fe2b
1466585000,9,2,fe88018d
1466595000,9,3,0436ff4f
1466605000,9,4,fd4800cf
1466615000,9,5,fecffee9
1466625000,9,6,023a00c0
1466635000,9,7,ff02ff25
1466645000,9,8,01220099
1466655000,9,9,fda20015
1466665000,9,10,01e80071
1466675000,9,11,fe8eff8f
1466685000,9,12,01c6ffb3
1466695000,9,13,000d0103
1466705000,9,14,fe3eff5a
1466715000,9,15,0216fef1
1468595000,9,16,02cc0245
1468605000,9,17,fc36ff18
1468615000,9,18,02390056
1468625000,9,19,004c0016
1468635000,9,20,ff69fdc0
1468645000,9,21,fd8901d6
1468655000,9,22,0412ff9d
1468665000,9,23,fe270074
1468675000,9,24,004afe13
1468685000,9,25,00c801e0
1468695000,9,26,fec7ff78
1468705000,9,27,ff340012
1468715000,9,28,0041fe84
1468725000,9,29,01cdffd2
1468735000,9,30,ffc601f9
1468745000,9,31,fe6dfe54
1470625000,10,0,0162008d
1470635000,10,1,fee40030
1470645000,10,2,008aff9e
1470655000,10,3,ffeafed8
1470665000,10,4,00bd0225
1470675000,10,5,fd87ff61
1470685000,10,6,01d4ff56
1470695000,10,7,ff690043
1470705000,10,8,02b2001b
1470715000,10,9,fb3000e0
1470725000,10,10,0268fe42
1470735000,10,11,01660340
1470745000,10,12,fe8bfbd3
1470755000,10,13,00a10237
1470765000,10,14,ffd60002
1470775000,10,15,ff13ff25
1472655000,10,16,0170ff5b
1472665000,10,17,fec1002c
1472675000,10,18,01be0198
1472685000,10,19,ff53feaf
1472695000,10,20,fed4ff72
1472705000,10,21,010b02a2
1472715000,10,22,ffc3fdb7
1472725000,10,23,ffadffd8
1472735000,10,24,008c00d5
1472745000,10,25,00b10252
1472755000,10,26,fdd4fdc4
1472765000,10,27,012b00e9
1472775000,10,28,fcd4ff2e
1472785000,10,29,03a7fdc0
1472795000,10,30,ffa7025d
1472805000,10,31,fea1ffc0
1474685000,11,0,ff080082
1474695000,11,1,fff5ffff
1474705000,11,2,00380103
1474715000,11,3,ffe6fdf0
1474725000,11,4,01580383
1474735000,11,5,fd3dfd63
1474745000,11,6,0278005e
1474755000,11,7,ff700084
1474765000,11,8,00b6fedc
1474775000,11,9,fdc30169
1474785000,11,10,01a6ff47
1474795000,11,11,ffc600a8
1474805000,11,12,ffdafedf
1474815000,11,13,006b0079
1474825000,11,14,ffda0128
1474835000,11,15,0064fe10
1476715000,11,16,ffcfff82
1476725000,11,17,00190010
1476735000,11,18,007cff3a
1476745000,11,19,ff45015a
1476755000,11,20,ff45fcfb
1476765000,11,21,02880348
1476775000,11,22,fdd5fdd2
1476785000,11,23,012a0137
1476795000,11,24,ff61fe5c
1476805000,11,25,ff8903a8
1476815000,11,26,ff2cfd8e
1476825000,11,27,0117ff52
1476835000,11,28,fc6bff33
1476845000,11,29,031a0020
1476855000,11,30,007bfffa
1476865000,11,31,ff4e010d
1478745000,12,0,fefb01ee
1478755000,12,1,00e1fd93
1478765000,12,2,ff98019a
1478775000,12,3,0199fec6
1478785000,12,4,fd9f0193
1478795000,12,5,0119ff9f
1478805000,12,6,0042feff
1478815000,12,7,ff8000e0
1478825000,12,8,0247fe02
1478835000,12,9,fc3b02ed
1478845000,12,10,ffb0feb8
1478855000,12,11,04a50010
1478865000,12,12,fcbb0049
1478875000,12,13,0083fff1
1478885000,12,14,00eaff43
1478895000,12,15,ff7affda
1480775000,12,16,fe96000a
1480785000,12,17,00250077
1480795000,12,18,ff70ffee
1480805000,12,19,01c1fffa
1480815000,12,20,ff8afe01
1480825000,12,21,fe17028c
1480835000,12,22,01edfe4b
1480845000,12,23,014a013e
1480855000,12,24,fc3cfdd8
1480865000,12,25,04af038b
1480875000,12,26,fbe0fe50
1480885000,12,27,0093ff88
1480895000,12,28,ff78ff01
1480905000,12,29,018dffbe
1480915000,12,30,ff3700b3
1480925000,12,31,0162ff84
1482805000,13,0,002f0153
1482815000,13,1,fe84feb8
1482825000,13,2,01d5ffec
1482835000,13,3,ffa200c0
1482845000,13,4,ff30ff2d
1482855000,13,5,fecb026d
1482865000,13,6,038dfdb9
1482875000,13,7,fd26005f
1482885000,13,8,0209feed
1482895000,13,9,fec002cc
1482905000,13,10,fe6dfe72
1482915000,13,11,0266ff46
1482925000,13,12,008001f7
1482935000,13,13,fe6dfe77
1482945000,13,14,00d9001d
1482955000,13,15,ffc6ff9b
1484835000,13,16,02210171
1484845000,13,17,fec6ffde
1484855000,13,18,ff53fff6
1484865000,13,19,01180018
1484875000,13,20,fd4dfe87
1484885000,13,21,045a014b
1484895000,13,22,fe800017
1484905000,13,23,00fbfff5
1484915000,13,24,fdfffebd
1484925000,13,25,00d40134
1484935000,13,26,00230106
1484945000,13,27,009efed6
1484955000,13,28,fdf3ffd3
1484965000,13,29,02fc0023
1484975000,13,30,fddaffbd
1484985000,13,31,002ffed5
1486865000,14,0,ffff0105
1486875000,14,1,fea10038
1486885000,14,2,00e8ff2c
1486895000,14,3,ffe6ffb4
1486905000,14,4,fff70171
1486915000,14,5,fee20041
1486925000,14,6,01a1fef0
1486935000,14,7,ff84ff64
1486945000,14,8,0113003f
1486955000,14,9,fd070130
1486965000,14,10,01c8ff46
1486975000,14,11,ff0800e6
1486985000,14,12,025fff1b
1486995000,14,13,ff12ff9f
1487005000,14,14,fe7f01d6
1487015000,14,15,01bafdb2
1488895000,14,16,ffb8001d
1488905000,14,17,ff8fffda
1488915000,14,18,ff0dfe27
1488925000,14,19,020c02ff
1488935000,14,20,fde7fb92
1488945000,14,21,02650361
1488955000,14,22,ff1aff52
1488965000,14,23,01450074
1488975000,14,24,fd3cfee5
1488985000,14,25,02bb02c0
1488995000,14,26,fcf5fe67
1489005000,14,27,01080007
1489015000,14,28,ff6dfd60
1489025000,14,29,01710161
1489035000,14,30,ff2c00fc
1489045000,14,31,0087ffba
1490925000,15,0,ff6600eb
1490935000,15,1,0171fe30
1490945000,15,2,fe6101a2
1490955000,15,3,00a3fee3
1490965000,15,4,014f0059
1490975000,15,5,fca801c2
1490985000,15,6,02a0fd94
1490995000,15,7,ffa5009d
1491005000,15,8,01020041
1491015000,15,9,fcb100ae
1491025000,15,10,02230010
1491035000,15,11,012bff2f
1491045000,15,12,ff0d000b
1491055000,15,13,ff560004
1491065000,15,14,0110003a
1491075000,15,15,ff75ff9d
1492955000,15,16,fdccfe7b
1492965000,15,17,02650159
1492975000,15,18,fd630011
1492985000,15,19,0287fea9
1492995000,15,20,ff200104
1493005000,15,21,ff880135
1493015000,15,22,ffafff9b
1493025000,15,23,022f002a
1493035000,15,24,fd2efcfb
1493045000,15,25,01c90297
1493055000,15,26,ffd90041
1493065000,15,27,fe7100f3
1493075000,15,28,0022fe5e
1493085000,15,29,019600ff
1493095000,15,30,fe11feab
1493105000,15,31,02b50156
1494985000,16,0,0084feeb
1494995000,16,1,00af0075
1495005000,16,2,ffbcff59
1495015000,16,3,ffda0121
1495025000,16,4,0072fed7
1495035000,16,5,ff290209
1495045000,16,6,0070fed3
1495055000,16,7,00f7fe3b
1495065000,16,8,00d002b7
1495075000,16,9,fd2dfe87
1495085000,16,10,01ecffc7
1495095000,16,11,fe76ff6d
1495105000,16,12,024a0297
1495115000,16,13,fda7fd23
1495125000,16,14,01f8006d
1495135000,16,15,fded019f
1497015000,16,16,ff1effb4
1497025000,16,17,00a2fdfe
1497035000,16,18,ffd70147
1497045000,16,19,ff6f0085
1497055000,16,20,00b9ff39
1497065000,16,21,ff6cffda
1497075000,16,22,005d01cc
1497085000,16,23,ff7efe7b
1497095000,16,24,00c8ffb8
1497105000,16,25,003c00b8
1497115000,16,26,feed0017
1497125000,16,27,fd63ff39
1497135000,16,28,034dff73
1497145000,16,29,fdae007c
1497155000,16,30,021bfe8e
1497165000,16,31,ff9001eb
1499045000,17,0,01b6fee6
1499055000,17,1,ffaa012d
1499065000,17,2,ff33fdd7
1499075000,17,3,00f4021a
1499085000,17,4,fef10023
1499095000,17,5,011cff6e
1499105000,17,6,ff100002
1499115000,17,7,0180ff22
1499125000,17,8,ff64016e
1499135000,17,9,fef0fe91
1499145000,17,10,01990139
1499155000,17,11,fd24fff4
1499165000,17,12,0525ff25
1499175000,17,13,fb7eff98
1499185000,17,14,020c009a
1499195000,17,15,fe1c00c4
1501075000,17,16,fe2bfea9
1501085000,17,17,02bafede
1501095000,17,18,fe44020c
1501105000,17,19,00c8006f
1501115000,17,20,0162fead
1501125000,17,21,fdd801f3
1501135000,17,22,0028fea3
1501145000,17,23,0124006f
1501155000,17,24,ff43fe57
1501165000,17,25,00e8022a
1501175000,17,26,fe54fe0e
1501185000,17,27,003401df
1501195000,17,28,ffb4fe0b
1501205000,17,29,0056002d
1501215000,17,30,0014fff3
1501225000,17,31,00b80093
1503105000,18,0,feedfdcd
1503115000,18,1,00810033
1503125000,18,2,ff06007d
1503135000,18,3,0291ffd6
1503145000,18,4,fce6ffa3
1503155000,18,5,01700135
1503165000,18,6,fe96fe34
1503175000,18,7,011c019e
1503185000,18,8,0175ffbb
1503195000,18,9,fdb900a9
1503205000,18,10,0034fecb
1503215000,18,11,01f10106
1503225000,18,12,ffd8fe69
1503235000,18,13,fdaa013f
1503245000,18,14,0188fee8
1503255000,18,15,0096023e
1505135000,18,16,00320095
1505145000,18,17,ff81fff8
1505155000,18,18,0093ff8a
1505165000,18,19,ffda025b
1505175000,18,20,002afcf0
1505185000,18,21,008a00a6
1505195000,18,22,fe8cffa1
1505205000,18,23,01f700b3
1505215000,18,24,0016ff91
1505225000,18,25,ff5b0242
1505235000,18,26,fdebfea2
1505245000,18,27,0338ffcf
1505255000,18,28,fc3afd9a
1505265000,18,29,01a20128
1505275000,18,30,01aa0113
1505285000,18,31,ff1ffe1b
1507165000,19,0,01caff5c
1507175000,19,1,ff110096
1507185000,19,2,0009fe58
1507195000,19,3,015000ae
1507205000,19,4,fdb5022d
1507215000,19,5,01a3fda9
1507225000,19,6,ffe10108
1507235000,19,7,008efe93
1507245000,19,8,00160162
1507255000,19,9,fe0bfe6a
1507265000,19,10,023501e6
1507275000,19,11,fd40fe88
1507285000,19,12,03370045
1507295000,19,13,fe390083
1507305000,19,14,fff5feb2
1507315000,19,15,ff0a01e3
1509195000,19,16,ff66fda0
1509205000,19,17,000a0041
1509215000,19,18,fff201ef
1509225000,19,19,ff88fe93
1509235000,19,20,01f7ff00
1509245000,19,21,feb1022c
1509255000,19,22,fecbfce3
1509265000,19,23,018f030f
1509275000,19,24,ff66fc96
1509285000,19,25,010603df
1509295000,19,26,fd7cfdbb
1509305000,19,27,016cff4f
1509315000,19,28,fe31ffbe
1509325000,19,29,00f7ff6c
1509335000,19,30,011b005f
1509345000,19,31,ffbd01c7
1511225000,20,0,01d0fea7
1511235000,20,1,fdbc024a
1511245000,20,2,012ffdbd
1511255000,20,3,007300f0
1511265000,20,4,fe6a0090
1511275000,20,5,02400048
1511285000,20,6,fd9dfe96
1511295000,20,7,01660064
1511305000,20,8,0166007d
1511315000,20,9,fcccff0c
1511325000,20,10,02430389
1511335000,20,11,ff31fae0
1511345000,20,12,0210020c
1511355000,20,13,fcfcff92
1511365000,20,14,00b10114
1511375000,20,15,ffc2ffec
1513255000,20,16,026e01d0
1513265000,20,17,fddafe9c
1513275000,20,18,008aff8c
1513285000,20,19,00290228
1513295000,20,20,009cfd62
1513305000,20,21,ff0d00e6
1513315000,20,22,003100d1
1513325000,20,23,004bfeb7
1513335000,20,24,ffdc0042
1513345000,20,25,00b400d8
1513355000,20,26,fde0005a
1513365000,20,27,ffb90030
1513375000,20,28,005afd30
1513385000,20,29,ff550012
1513395000,20,30,015d0215
1513405000,20,31,fe8bfe05
1515285000,21,0,ffb1ff98
1515295000,21,1,001300da
1515305000,21,2,ffd1feff
1515315000,21,3,00a20078
1515325000,21,4,fed80008
1515335000,21,5,0072010a
1515345000,21,6,00eeffac
1515355000,21,7,fed3fe0d
1515365000,21,8,02050106
1515375000,21,9,fd890130
1515385000,21,10,0147ff7f
1515395000,21,11,fe5eff42
1515405000,21,12,044eff96
1515415000,21,13,fb8e00dc
1515425000,21,14,015e0002
1515435000,21,15,0051ffe1
1517315000,21,16,0057fe76
1517325000,21,17,ff49ffef
1517335000,21,18,0189ff5b
1517345000,21,19,feaeffc3
1517355000,21,20,0071ff82
1517365000,21,21,01bc01c6
1517375000,21,22,fe77018f
1517385000,21,23,0093fbe6
1517395000,21,24,008301d6
1517405000,21,25,fe850125
1517415000,21,26,00d3fee7
1517425000,21,27,fe94ff27
1517435000,21,28,015d00aa
1517445000,21,29,ff6efdea
1517455000,21,30,01d5027f
1517465000,21,31,fe3300a4
1519345000,22,0,006bffc4
1519355000,22,1,00670040
1519365000,22,2,febeff22
1519375000,22,3,02100156
1519385000,22,4,ff48ffb2
1519395000,22,5,ff3bff64
1519405000,22,6,005c011a
1519415000,22,7,00dbfd46
1519425000,22,8,0097026e
1519435000,22,9,fd3dfefe
1519445000,22,10,018e00c2
1519455000,22,11,ff66ff1a
1519465000,22,12,01e6ff9c
1519475000,22,13,fca501fa
1519485000,22,14,0318fe52
1519495000,22,15,fe3b00de
1521375000,22,16,0099ffd8
1521385000,22,17,ff680141
1521395000,22,18,0130feed
1521405000,22,19,fe2100b1
1521415000,22,20,02b6ff03
1521425000,22,21,feeb006d
1521435000,22,22,008600bf
1521445000,22,23,ff61feff
1521455000,22,24,00e7ff60
1521465000,22,25,ffd8029d
1521475000,22,26,fdf8fee9
1521485000,22,27,0141ff1d
1521495000,22,28,ffeaffc1
1521505000,22,29,ff3dfe8d
1521515000,22,30,02a2029f
1521525000,22,31,fe15fe1b
1523405000,23,0,ffacff2b
1523415000,23,1,004500d6
1523425000,23,2,fe8bff3e
1523435000,23,3,035affe4
1523445000,23,4,fd33010e
1523455000,23,5,ffb9ff3a
1523465000,23,6,00880098
1523475000,23,7,018bfe86
1523485000,23,8,ff5601b3
1523495000,23,9,fdb5ff60
1523505000,23,10,032b006a
1523515000,23,11,fd2aff38
1523525000,23,12,02cf009c
1523535000,23,13,fe31ffe8
1523545000,23,14,009effe8
1523555000,23,15,002d0056
1525435000,23,16,0164012c
1525445000,23,17,fde0ffce
1525455000,23,18,010aff61
1525465000,23,19,003a000e
1525475000,23,20,fff9003c
1525485000,23,21,fe5100a3
1525495000,23,22,00fb0011
1525505000,23,23,0143fe5a
1525515000,23,24,fe30ffd4
1525525000,23,25,00bc0062
1525535000,23,26,ff94003d
1525545000,23,27,ff3800c2
1525555000,23,28,00b7ff14
1525565000,23,29,01f3fe01
1525575000,23,30,fe530381
1525585000,23,31,ffbbfdd2
1527465000,24,0,fe3c0147
1527475000,24,1,00e6ff55
1527485000,24,2,fe5d003d
1527495000,24,3,0396ff84
1527505000,24,4,fcfd0011
1527515000,24,5,00a30159
1527525000,24,6,ff64fe66
1527535000,24,7,01acff72
1527545000,24,8,ff6001d1
1527555000,24,9,ff86ff0b
1527565000,24,10,fff70087
1527575000,24,11,ff10ff48
1527585000,24,12,0333feff
1527595000,24,13,fc3902c3
1527605000,24,14,014cfef6
1527615000,24,15,0196fefe
1529495000,24,16,ff3afebf
1529505000,24,17,01010046
1529515000,24,18,fe1f0087
1529525000,24,19,026cfe68
1529535000,24,20,ff330097
1529545000,24,21,fe1900cc
1529555000,24,22,020400f5
1529565000,24,23,ff3cfd82
1529575000,24,24,ffcc0177
1529585000,24,25,00b30068
1529595000,24,26,ffd10053
1529605000,24,27,fd0cffec
1529615000,24,28,02f3fd97
1529625000,24,29,fecb0046
1529635000,24,30,0180008d
1529645000,24,31,ff74008a
1531525000,25,0,ff2d00ba
1531535000,25,1,015cfe7f
1531545000,25,2,fefb0151
1531555000,25,3,013fffa3
1531565000,25,4,fe3cfe9c
1531575000,25,5,00df02c8
1531585000,25,6,ff05fece
1531595000,25,7,0249febd
1531605000,25,8,ff310190
1531615000,25,9,fed0fe7f
1531625000,25,10,00870205
1531635000,25,11,ffe5ff79
1531645000,25,12,01cafd62
1531655000,25,13,fda5029a
1531665000,25,14,00adff8c
1531675000,25,15,004bffcf
1533555000,25,16,003a00ab
1533565000,25,17,0040ff3a
1533575000,25,18,ffb5016b
1533585000,25,19,009eff01
1533595000,25,20,ff35ffac
1533605000,25,21,fea80050
1533615000,25,22,02a600ff
1533625000,25,23,0019fdc6
1533635000,25,24,ff4c00af
1533645000,25,25,fff601ce
1533655000,25,26,0017fe9f
1533665000,25,27,fe440003
1533675000,25,28,01adfed2
1533685000,25,29,005eff1c
1533695000,25,30,001e01f7
1533705000,25,31,ff41ffca
1535585000,26,0,00f80057
1535595000,26,1,fe36013f
1535605000,26,2,00c9fe94
1535615000,26,3,006a01bf
1535625000,26,4,00d2fd6c
1535635000,26,5,fd920456
1535645000,26,6,00ecfbcc
1535655000,26,7,01ce01a3
1535665000,26,8,feea0115
1535675000,26,9,ffd4fdbd
1535685000,26,10,005f0252
1535695000,26,11,ff24fef1
1535705000,26,12,020cfd8c
1535715000,26,13,fe180372
1535725000,26,14,009cff02
1535735000,26,15,ff80fed1
1537615000,26,16,0044fed2
1537625000,26,17,ffe6fdfb
1537635000,26,18,005f033c
1537645000,26,19,ff15fe43
1537655000,26,20,00d7ff54
1537665000,26,21,002900a6
1537675000,26,22,002900b3
1537685000,26,23,ff09ff59
1537695000,26,24,0218ff22
1537705000,26,25,fdea038f
1537715000,26,26,0111fdec
1537725000,26,27,fe1ffed1
1537735000,26,28,fff9005c
1537745000,26,29,00c7fe18
1537755000,26,30,01bb0011
1537765000,26,31,fea302cb
1539645000,27,0,ffe9009e
1539655000,27,1,ffeeff08
1539665000,27,2,003800b9
1539675000,27,3,00d4ff8a
1539685000,27,4,fe8d000c
1539695000,27,5,001c0094
1539705000,27,6,00460051
1539715000,27,7,01fdfde0
1539725000,27,8,fe1701a8
1539735000,27,9,feeafe3a
1539745000,27,10,024802d7
1539755000,27,11,fcbefe9c
1539765000,27,12,0407fe8e
1539775000,27,13,fd5001fe
1539785000,27,14,0076ffd7
1539795000,27,15,005dff8e
1541675000,27,16,012302c8
1541685000,27,17,00b3fee4
1541695000,27,18,fe8f00f3
1541705000,27,19,fffdff7b
1541715000,27,20,00d60117
1541725000,27,21,fe2cfd4b
1541735000,27,22,020c019c
1541745000,27,23,ff03ffd9
1541755000,27,24,ff07fff6
1541765000,27,25,01050114
1541775000,27,26,ffcd001b
1541785000,27,27,feb1ff13
1541795000,27,28,ff6cff3f
1541805000,27,29,00500119
1541815000,27,30,ffecffc2
1541825000,27,31,002bfd5d
1543705000,28,0,fe4a008a
1543715000,28,1,01e0fff4
1543725000,28,2,feecfe3d
1543735000,28,3,01c1027f
1543745000,28,4,fe18fde0
1543755000,28,5,00f00246
1543765000,28,6,ff05fd8c
1543775000,28,7,01d200c8
1543785000,28,8,ffd60064
1543795000,28,9,fd74ff24
1543805000,28,10,0298012f
1543815000,28,11,fdefff8f
1543825000,28,12,01e8fd86
1543835000,28,13,fdf40516
1543845000,28,14,016ffc0c
1543855000,28,15,002e015e
1545735000,28,16,fe5efc97
1545745000,28,17,02cb00d4
1545755000,28,18,fd5d02e7
1545765000,28,19,01f8fd44
1545775000,28,20,009e0140
1545785000,28,21,fe2aff03
1545795000,28,22,019a0244
1545805000,28,23,ffbbfc65
1545815000,28,24,ffe802b5
1545825000,28,25,fed30106
1545835000,28,26,013dff5b
1545845000,28,27,fd34ff46
1545855000,28,28,0174fef8
1545865000,28,29,ff740167
1545875000,28,30,00a4ff16
1545885000,28,31,005d028d
1547765000,29,0,002001d6
1547775000,29,1,0043fe66
1547785000,29,2,ffa300d3
1547795000,29,3,00dc0058
1547805000,29,4,ff5dff24
1547815000,29,5,00b601bf
1547825000,29,6,ff24fe9a
1547835000,29,7,0092fe71
1547845000,29,8,01ac0234
1547855000,29,9,fc79ff88
1547865000,29,10,026dffb7
1547875000,29,11,feb40004
1547885000,29,12,0183fe5a
1547895000,29,13,fd82035b
1547905000,29,14,02b0fe24
1547915000,29,15,fe5aff5b
1549795000,29,16,fde4fee7
1549805000,29,17,0262ff55
1549815000,29,18,fe460277
1549825000,29,19,0166fdd9
1549835000,29,20,fff0011c
1549845000,29,21,ff6effb0
1549855000,29,22,004e0261
1549865000,29,23,ff2dfbfc
1549875000,29,24,01f20221
1549885000,29,25,fe1e00f9
1549895000,29,26,0180ff95
1549905000,29,27,fd9a00bd
1549915000,29,28,030afe94
1549925000,29,29,fdf20092
1549935000,29,30,00fcff0b
1549945000,29,31,0093017e
1551825000,30,0,ff78ff0b
1551835000,30,1,00870037
1551845000,30,2,00b7fff2
1551855000,30,3,fedaff61
1551865000,30,4,ff120184
1551875000,30,5,0338fffb
1551885000,30,6,fcafff81
1551895000,30,7,02b2fe4e
1551905000,30,8,ffe00267
1551915000,30,9,fdddfe1d
1551925000,30,10,01a300f8
1551935000,30,11,fe60ffff
1551945000,30,12,01f2ffae
1551955000,30,13,ffacffe5
1551965000,30,14,feabff99
1551975000,30,15,00bc0176
1553855000,30,16,ff410015
1553865000,30,17,00fcfe55
1553875000,30,18,fe9203e9
1553885000,30,19,0074fb98
1553895000,30,20,feb502b0
1553905000,30,21,019dfd57
1553915000,30,22,00ef0375
1553925000,30,23,fddcfd26
1553935000,30,24,00fb00eb
1553945000,30,25,fdd400f3
1553955000,30,26,0212006d
1553965000,30,27,fe2eff20
1553975000,30,28,014bff28
1553985000,30,29,ffe300f5
1553995000,30,30,feb1fe55
1554005000,30,31,01f200f6
1555885000,31,0,00a9ffc0
1555895000,31,1,ff790127
1555905000,31,2,0015fc07
1555915000,31,3,005204e4
1555925000,31,4,fff6fd24
1555935000,31,5,ff9c0147
1555945000,31,6,ff9bffdd
1555955000,31,7,01a6fe96
1555965000,31,8,00210116
1555975000,31,9,fd79ffc5
1555985000,31,10,01a1001f
1555995000,31,11,fea200b6
1556005000,31,12,031cfdfa
1556015000,31,13,fd4e0299
1556025000,31,14,00abfd79
1556035000,31,15,ffb20194
1557915000,31,16,ff41ffd9
1557925000,31,17,01d0ffa4
1557935000,31,18,fe880143
1557945000,31,19,0148fea8
1557955000,31,20,ffa5008a
1557965000,31,21,ff790018
1557975000,31,22,01140257
1557985000,31,23,ff2efcd3
1557995000,31,24,00f70103
1558005000,31,25,fece0010
1558015000,31,26,01daff49
1558025000,31,27,fe640226
1558035000,31,28,019ffe56
1558045000,31,29,fd3dffcc
1558055000,31,30,00deff61
1558065000,31,31,00e200e7
1559945000,32,0,ff8201c5
1559955000,32,1,00c2fe2a
1559965000,32,2,ffb101d8
1559975000,32,3,ffc7009f
1559985000,32,4,010efda8
1559995000,32,5,ffa70257
1560005000,32,6,0088fe08
1560015000,32,7,fd5c0016
1560025000,32,8,03c001b5
1560035000,32,9,fe8cfdf2
1560045000,32,10,ff95011c
1560055000,32,11,fecfffcf
1560065000,32,12,01d0fe8a
1560075000,32,13,ff770209
1560085000,32,14,fff20010
1560095000,32,15,ffc2fe48
1561975000,32,16,ff5800ea
1561985000,32,17,01920046
1561995000,32,18,ff16005a
1562005000,32,19,0068ff31
1562015000,32,20,fee901da
1562025000,32,21,ffb7fda1
1562035000,32,22,0090024d
1562045000,32,23,ffabfc63
1562055000,32,24,008403c8
1562065000,32,25,0074fdb4
1562075000,32,26,00320218
1562085000,32,27,febc0035
1562095000,32,28,0157fcf8
1562105000,32,29,feb30299
1562115000,32,30,ffacfeed
1562125000,32,31,0131fe33
1564005000,33,0,feb0fe9d
1564015000,33,1,014a00c3
1564025000,33,2,ff4d0136
1564035000,33,3,004a008e
1564045000,33,4,0023fcbc
1564055000,33,5,00e302d7
1564065000,33,6,fd0a0003
1564075000,33,7,026efd95
1564085000,33,8,00a202fd
1564095000,33,9,fe52fda1
1564105000,33,10,00990222
1564115000,33,11,ff80feb0
1564125000,33,12,018bff6a
1564135000,33,13,fe0d00a9
1564145000,33,14,01f0011d
1564155000,33,15,ff5cff11
1566035000,33,16,00d70005
1566045000,33,17,ff850113
1566055000,33,18,fe11fed4
1566065000,33,19,0319005f
1566075000,33,20,fe46ffe7
1566085000,33,21,0069fe23
1566095000,33,22,009502c5
1566105000,33,23,0020fcfc
1566115000,33,24,00e901e9
1566125000,33,25,fe0f00ad
1566135000,33,26,0109ff74
1566145000,33,27,fd4100a7
1566155000,33,28,0266fc23
1566165000,33,29,ff17027d
1566175000,33,30,00850013
1566185000,33,31,0062ff66
1568065000,34,0,ffbe02fd
1568075000,34,1,feddfd4f
1568085000,34,2,01f90150
1568095000,34,3,fefc00c0
1568105000,34,4,0061feeb
1568115000,34,5,ff4e0073
1568125000,34,6,ff94ff33
1568135000,34,7,014c01fc
1568145000,34,8,0092fe6b
1568155000,34,9,fe35ffb3
1568165000,34,10,006501d6
1568175000,34,11,01b2ff38
1568185000,34,12,fde7fdd9
1568195000,34,13,01640287
1568205000,34,14,ffae0003
1568215000,34,15,000afd88
1570095000,34,16,fd98fec1
1570105000,34,17,027800f6
1570115000,34,18,fd6effb2
1570125000,34,19,022d0080
1570135000,34,20,ffebffbc
1570145000,34,21,002bfe6f
1570155000,34,22,fe160282
1570165000,34,23,00fdfd7b
1570175000,34,24,021e00db
1570185000,34,25,fd78025a
1570195000,34,26,00a4fd2a
1570205000,34,27,004f028e
1570215000,34,28,fe8bfae4
1570225000,34,29,00dd0419
1570235000,34,30,00ecfe8e
1570245000,34,31,00ef0037
1572125000,35,0,fedc002d
1572135000,35,1,0222ffc8
1572145000,35,2,feceffb3
1572155000,35,3,010002b6
1572165000,35,4,ff23fd4e
1572175000,35,5,00adff98
1572185000,35,6,ff620278
1572195000,35,7,00a1fdf7
1572205000,35,8,00a000d7
1572215000,35,9,fddefdca
1572225000,35,10,026e0431
1572235000,35,11,fd1cfd6e
1572245000,35,12,0371fe72
1572255000,35,13,fc1f02c6
1572265000,35,14,03faff70
1572275000,35,15,fdcfff65
1574155000,35,16,004afde4
1574165000,35,17,ff9301b8
1574175000,35,18,ff98ff1c
1574185000,35,19,002fffd2
1574195000,35,20,003100a9
1574205000,35,21,0191fd64
1574215000,35,22,fe180303
1574225000,35,23,013bfe00
1574235000,35,24,01120234
1574245000,35,25,fbfbff4c
1574255000,35,26,04acfff2
1574265000,35,27,fd25ff3a
1574275000,35,28,ff9ffe03
1574285000,35,29,020901f8
1574295000,35,30,01000073
1574305000,35,31,fe21001c
1576185000,36,0,01e5fe2c
1576195000,36,1,fdc30095
1576205000,36,2,01d401a8
1576215000,36,3,fe3bfe47
1576225000,36,4,00c90091
1576235000,36,5,004600ca
1576245000,36,6,ff2aff2a
1576255000,36,7,00aa0069
1576265000,36,8,00c1ff9e
1576275000,36,9,fddfff0b
1576285000,36,10,01f00386
1576295000,36,11,fec1fde1
1576305000,36,12,00c5fe89
1576315000,36,13,0108012e
1576325000,36,14,feb60134
1576335000,36,15,ff92ff67
1578215000,36,16,fecd0081
1578225000,36,17,0130001b
1578235000,36,18,ff82ff22
1578245000,36,19,fffc003e
1578255000,36,20,ffbeffd7
1578265000,36,21,009cfecd
1578275000,36,22,004c0285
1578285000,36,23,0059fbca
1578295000,36,24,01710393
1578305000,36,25,fcee0091
1578315000,36,26,01f4fe16
1578325000,36,27,fe88026e
1578335000,36,28,0030fc41
1578345000,36,29,ffe60097
1578355000,36,30,02220117
1578365000,36,31,ffb3ff8a
1580245000,37,0,001dff12
1580255000,37,1,001c009b
1580265000,37,2,0032ff97
1580275000,37,3,ff38ffb3
1580285000,37,4,00d00194
1580295000,37,5,0001ff53
1580305000,37,6,febafefe
1580315000,37,7,011b003c
1580325000,37,8,017d0184
1580335000,37,9,fc0afe87
1580345000,37,10,049000f7
1580355000,37,11,fc1afedf
1580365000,37,12,01be00c2
1580375000,37,13,00c100db
1580385000,37,14,ffb4fe48
1580395000,37,15,ff530122
1582275000,37,16,fe8d0007
1582285000,37,17,012cff9f
1582295000,37,18,ff6d0037
1582305000,37,19,004aff52
1582315000,37,20,ff380149
1582325000,37,21,01c6fe02
1582335000,37,22,fee702ca
1582345000,37,23,fe2afb11
1582355000,37,24,03090359
1582365000,37,25,fdba00dd
1582375000,37,26,0127ff3f
1582385000,37,27,feec00c2
1582395000,37,28,00b2fcbb
1582405000,37,29,fe74019e
1582415000,37,30,030d0054
1582425000,37,31,00080027
1584305000,38,0,002ffecd
1584315000,38,1,00ff00b9
1584325000,38,2,fe25ff16
1584335000,38,3,02df0252
1584345000,38,4,fdc1fcb8
1584355000,38,5,016b036e
1584365000,38,6,fd88fcd9
1584375000,38,7,033b00e6
1584385000,38,8,fecf0155
1584395000,38,9,fe49fe1d
1584405000,38,10,01f3017a
1584415000,38,11,fefbff6e
1584425000,38,12,0001ff32
1584435000,38,13,ffb90244
1584445000,38,14,0210fe33
1584455000,38,15,fe0f012a
1586335000,38,16,ff1dfe5b
1586345000,38,17,0057007c
1586355000,38,18,ff42fee2
1586365000,38,19,015bfffc
1586375000,38,20,ff0001a3
1586385000,38,21,020ffdb1
1586395000,38,22,ff0e03cc
1586405000,38,23,ff5bfbf2
1586415000,38,24,01e3029f
1586425000,38,25,fc7f006a
1586435000,38,26,02e6ff0a
1586445000,38,27,febf0090
1586455000,38,28,0124fcdb
1586465000,38,29,fea30171
1586475000,38,30,024600b0
1586485000,38,31,fef300ea
1588365000,39,0,fd5efe9d
1588375000,39,1,00490149
1588385000,39,2,0204ff89
1588395000,39,3,feef00df
1588405000,39,4,fed9fed3
1588415000,39,5,0115010a
1588425000,39,6,0029ff27
1588435000,39,7,ff8400f1
1588445000,39,8,003eff1b
1588455000,39,9,007300b5
1588465000,39,10,001eff5d
1588475000,39,11,fe4b012f
1588485000,39,12,019ffdad
1588495000,39,13,004301c0
1588505000,39,14,fe71000b
1588515000,39,15,025effe9
1590395000,39,16,fe6cfe2f
1590405000,39,17,0184001f
1590415000,39,18,fe4efeea
1590425000,39,19,022a01b6
1590435000,39,20,ff28fe7e
1590445000,39,21,003effa5
1590455000,39,22,ff8a02cd
1590465000,39,23,fee0fd1f
1590475000,39,24,022affb5
1590485000,39,25,fe0e0293
1590495000,39,26,00a6fd00
1590505000,39,27,00260220
1590515000,39,28,0016fc96
1590525000,39,29,00840289
1590535000,39,30,0176fef9
1590545000,39,31,fef40273
1592425000,40,0,028cff50
1592435000,40,1,ffe1018a
1592445000,40,2,fcffff2e
1592455000,40,3,03e3ff25
1592465000,40,4,fe0d00c7
1592475000,40,5,ffc0fff2
1592485000,40,6,01a200d3
1592495000,40,7,fddafe93
1592505000,40,8,0144018a
1592515000,40,9,0087fd10
1592525000,40,10,ff9f02f8
1592535000,40,11,feb1ff91
1592545000,40,12,0153fe33
1592555000,40,13,ff38019c
1592565000,40,14,0148ff8b
1592575000,40,15,fd7a0037
1594455000,40,16,018e00f6
1594465000,40,17,fd21fec0
1594475000,40,18,0126018c
1594485000,40,19,016cfefa
1594495000,40,20,fe7bfe74
1594505000,40,21,009100e6
1594515000,40,22,ffc10132
1594525000,40,23,00f5fd2e
1594535000,40,24,ff0a0388
1594545000,40,25,ff43fe4e
1594555000,40,26,01d40012
1594565000,40,27,febcffd0
1594575000,40,28,ff15ff0e
1594585000,40,29,0193ff08
1594595000,40,30,01bd02d0
1594605000,40,31,fdbbfe8c
1596485000,41,0,031e0056
1596495000,41,1,fcbf0106
1596505000,41,2,005cfeda
1596515000,41,3,010a0054
1596525000,41,4,00a0feda
1596535000,41,5,ffa60198
1596545000,41,6,febdffa3
1596555000,41,7,014dff50
1596565000,41,8,fef0013c
1596575000,41,9,0057fdac
1596585000,41,10,024c0214
1596595000,41,11,fbbcffee
1596605000,41,12,03fafe58
1596615000,41,13,fd08025a
1596625000,41,14,017bfdbb
1596635000,41,15,fea100ba
1598515000,41,16,009601c2
1598525000,41,17,fe05fe36
1598535000,41,18,01ee00d9
1598545000,41,19,ffe0012a
1598555000,41,20,ff76fdc3
1598565000,41,21,ff2f006c
1598575000,41,22,02cd01b2
1598585000,41,23,ff80fde2
1598595000,41,24,fefe00fc
1598605000,41,25,ff2f016c
1598615000,41,26,019efebf
1598625000,41,27,fda200fe
1598635000,41,28,ffb2fcff
1598645000,41,29,01b9ffaa
1598655000,41,30,fffb0266
1598665000,41,31,ffd2fe4e
1600545000,42,0,0001005b
1600555000,42,1,01a6fe33
1600565000,42,2,fd660204
1600575000,42,3,019afdf3
1600585000,42,4,ff14017e
1600595000,42,5,019f0000
1600605000,42,6,fe9bfed6
1600615000,42,7,00380198
1600625000,42,8,00b5ff63
1600635000,42,9,ff48fe23
1600645000,42,10,00d00282
1600655000,42,11,fe28fee7
1600665000,42,12,02560088
1600675000,42,13,ff4bffe2
1600685000,42,14,ff1ffe08
1600695000,42,15,001e022e
1602575000,42,16,0312025a
1602585000,42,17,fc29ff4f
1602595000,42,18,01b4fea8
1602605000,42,19,010e00e8
1602615000,42,20,feeaff3e
1602625000,42,21,001100e9
1602635000,42,22,fec6002a
1602645000,42,23,020afe65
1602655000,42,24,fee201a0
1602665000,42,25,ff57ffd5
1602675000,42,26,01480094
1602685000,42,27,fe18fe46
1602695000,42,28,ff7e0048
1602705000,42,29,027ffe17
1602715000,42,30,feaa017a
1602725000,42,31,ff88feb9
1604605000,43,0,0149ff15
1604615000,43,1,ff29012b
1604625000,43,2,feaa000a
1604635000,43,3,002dfed4
1604645000,43,4,016f00fd
1604655000,43,5,00d9ff44
1604665000,43,6,fd99010e
1604675000,43,7,00f5ff49
1604685000,43,8,006b017b
1604695000,43,9,ff35fc65
1604705000,43,10,02880282
1604715000,43,11,fbaf008e
1604725000,43,12,03a9fe0b
1604735000,43,13,fe6d024c
1604745000,43,14,ff89fdbe
1604755000,43,15,006b0145
1606635000,43,16,ff6e00c2
1606645000,43,17,0037fe6d
1606655000,43,18,ff55015d
1606665000,43,19,01e0fdbb
1606675000,43,20,fda801cd
1606685000,43,21,0111fda9
1606695000,43,22,00ba023c
1606705000,43,23,0052fd6a
1606715000,43,24,002a036e
1606725000,43,25,fc47fef9
1606735000,43,26,04bbff29
1606745000,43,27,fbba0131
1606755000,43,28,00b4fdc7
1606765000,43,29,02a5002d
1606775000,43,30,fe62ff6a
1606785000,43,31,0110012e
1608665000,44,0,feed00c1
1608675000,44,1,011b0027
1608685000,44,2,fe2efeeb
1608695000,44,3,02d400b2
1608705000,44,4,fda1fe88
1608715000,44,5,01f2037d
1608725000,44,6,fec1fcbd
1608735000,44,7,00ea009c
1608745000,44,8,ff5b020f
1608755000,44,9,ff57fccf
1608765000,44,10,02940043
1608775000,44,11,fd9202d4
1608785000,44,12,007ffdd4
1608795000,44,13,ff740119
1608805000,44,14,012dfdd9
1608815000,44,15,ffc00162
1610695000,44,16,005100c4
1610705000,44,17,fe64fecf
1610715000,44,18,004501db
1610725000,44,19,030dfe13
1610735000,44,20,fd89009d
1610745000,44,21,ffacff0a
1610755000,44,22,01770207
1610765000,44,23,ff77fccb
1610775000,44,24,021902ec
1610785000,44,25,fc500091
1610795000,44,26,0243fea5
1610805000,44,27,fe0700ad
1610815000,44,28,fff1fd5f
1610825000,44,29,014001ee
1610835000,44,30,fef5fee5
1610845000,44,31,010d0045
1612725000,45,0,ffdd00b8
1612735000,45,1,0004fdae
1612745000,45,2,0026017b
1612755000,45,3,fe6bff9e
1612765000,45,4,012400c1
1612775000,45,5,011fffd1
1612785000,45,6,ff80fe6a
1612795000,45,7,fe9e019d
1612805000,45,8,026d0000
1612815000,45,9,fc44ffc2
1612825000,45,10,041cfd9b
1612835000,45,11,fd490332
1612845000,45,12,013affdb
1612855000,45,13,ff81fec7
1612865000,45,14,ff7eff2c
1612875000,45,15,00de018b
1614755000,45,16,0149008f
1614765000,45,17,fe78ff87
1614775000,45,18,ff7e00e1
1614785000,45,19,0407fe20
1614795000,45,20,fd9f02b0
1614805000,45,21,007bfdc8
1614815000,45,22,006b0171
1614825000,45,23,fe50fdaa
1614835000,45,24,02e5025b
1614845000,45,25,fddaff99
1614855000,45,26,022a0053
1614865000,45,27,fcd7ff2a
1614875000,45,28,00f3ff1a
1614885000,45,29,01e70214
1614895000,45,30,fe3dfecf
1614905000,45,31,004effa8
1616785000,46,0,00650088
1616795000,46,1,ff25003f
1616805000,46,2,00c8ff05
1616815000,46,3,fe28011d
1616825000,46,4,0259ff74
1616835000,46,5,00260028
1616845000,46,6,fe2dfece
1616855000,46,7,01380167
1616865000,46,8,ffb700f8
1616875000,46,9,ff1bfd87
1616885000,46,10,024cfffd
1616895000,46,11,fd5800f7
1616905000,46,12,01a70234
1616915000,46,13,ff96fcde
1616925000,46,14,ff6b0088
1616935000,46,15,00840039
1618815000,46,16,00e5015e
1618825000,46,17,ff69ff71
1618835000,46,18,ffff020a
1618845000,46,19,0050fda7
1618855000,46,20,fe77ffc9
1618865000,46,21,024c0072
1618875000,46,22,ff1b0155
1618885000,46,23,000ffe28
1618895000,46,24,01c1013c
1618905000,46,25,fd3500cb
1618915000,46,26,0155fe80
1618925000,46,27,ffd8ffb9
1618935000,46,28,ff730109
1618945000,46,29,0072fef6
1618955000,46,30,ffb1ffdd
1618965000,46,31,004dff0c
1620845000,47,0,02500292
1620855000,47,1,fd35fdd2
1620865000,47,2,020501c9
1620875000,47,3,fe2d009a
1620885000,47,4,0145fc94
1620895000,47,5,00360305
1620905000,47,6,0051ff62
1620915000,47,7,fe5e00b2
1620925000,47,8,0108ff00
1620935000,47,9,010bfeea
1620945000,47,10,feaf01b9
1620955000,47,11,00c7ffa6
1620965000,47,12,ff47fef2
1620975000,47,13,005a00f7
1620985000,47,14,ffcf0024
1620995000,47,15,ff26fe36
1622875000,47,16,009f00eb
1622885000,47,17,ff880055
1622895000,47,18,ff36012c
1622905000,47,19,0089fd03
1622915000,47,20,00af0204
1622925000,47,21,0014ffaa
1622935000,47,22,fff20196
1622945000,47,23,ffd0fd7b
1622955000,47,24,007f0159
1622965000,47,25,fed60037
1622975000,47,26,010cfe8a
1622985000,47,27,00090187
1622995000,47,28,ff27ffb0
1623005000,47,29,00a6fe22
1623015000,47,30,fe6001cc
1623025000,47,31,01fefe03
1624905000,48,0,01180001
1624915000,48,1,fe01feae
1624925000,48,2,016c0047
1624935000,48,3,ff630261
1624945000,48,4,012ffda8
1624955000,48,5,003500d1
1624965000,48,6,ff19ffdc
1624975000,48,7,ff6600fb
1624985000,48,8,00f2ff87
1624995000,48,9,ffadfdd6
1625005000,48,10,027a01fb
1625015000,48,11,fc31fedd
1625025000,48,12,017f00c4
1625035000,48,13,00290053
1625045000,48,14,fff1feae
1625055000,48,15,ff52015f
1626935000,48,16,fed0ff2d
1626945000,48,17,0368fe5e
1626955000,48,18,fc3701a3
1626965000,48,19,0167ff16
1626975000,48,20,00dd027f
1626985000,48,21,ff33fc12
1626995000,48,22,001f017b
1627005000,48,23,ff18ff97
1627015000,48,24,0174023f
1627025000,48,25,fda2fe3c
1627035000,48,26,00d9ff1f
1627045000,48,27,fe73003e
1627055000,48,28,01c7ffcd
1627065000,48,29,fdf70114
1627075000,48,30,0271fc7b
1627085000,48,31,ff020345
1628965000,49,0,ffd200a2
1628975000,49,1,0017ff09
1628985000,49,2,ffb80042
1628995000,49,3,ffdf0122
1629005000,49,4,00f9feff
1629015000,49,5,00fafff6
1629025000,49,6,fe75006c
1629035000,49,7,ffbf00be
1629045000,49,8,ffeeff0e
1629055000,49,9,00b7ff43
1629065000,49,10,0254ff58
1629075000,49,11,fb170272
1629085000,49,12,0337fe49
1629095000,49,13,ff980166
1629105000,49,14,ff77fe42
1629115000,49,15,000300c6
1630995000,49,16,ff38ff49
1631005000,49,17,02390002
1631015000,49,18,fd770111
1631025000,49,19,0143ff43
1631035000,49,20,003401d8
1631045000,49,21,fedcfb9a
1631055000,49,22,02e70304
1631065000,49,23,fdf3fff2
1631075000,49,24,00360097
1631085000,49,25,ff97ff14
1631095000,49,26,017f007b
1631105000,49,27,fdad0055
1631115000,49,28,009afd0c
1631125000,49,29,ff44028c
1631135000,49,30,0257fdbc
1631145000,49,31,ff1d012a
1633025000,50,0,ff60ff42
1633035000,50,1,ffa60284
1633045000,50,2,fff6fc86
1633055000,50,3,01570386
1633065000,50,4,fef0fd9a
1633075000,50,5,00e10201
1633085000,50,6,ff18fe69
1633095000,50,7,002500f4
1633105000,50,8,ffaefffc
1633115000,50,9,018eff1c
1633125000,50,10,fea0ff88
1633135000,50,11,ffcf021a
1633145000,50,12,016afe88
1633155000,50,13,ff77ffb7
1633165000,50,14,ff4a0181
1633175000,50,15,00c9febc
1635055000,50,16,ff280017
1635065000,50,17,02a1fffc
1635075000,50,18,fe410004
1635085000,50,19,002e005d
1635095000,50,20,00a1ffa1
1635105000,50,21,ff3cfed5
1635115000,50,22,008900f8
1635125000,50,23,0104004f
1635135000,50,24,feb8ffa3
1635145000,50,25,febdff88
1635155000,50,26,0245ff2c
1635165000,50,27,fe3602f1
1635175000,50,28,00a7fa69
1635185000,50,29,fff20403
1635195000,50,30,0059fdbc
1635205000,50,31,ff9c009f
1637085000,51,0,ff660203
1637095000,51,1,010fff0f
1637105000,51,2,fe01feba
1637115000,51,3,02210184
1637125000,51,4,fedb0061
1637135000,51,5,01b4ff57
1637145000,51,6,fe9500a7
1637155000,51,7,ff5cfd4f
1637165000,51,8,00d8053f
1637175000,51,9,0053facf
1637185000,51,10,004300ee
1637195000,51,11,fe0f027c
1637205000,51,12,029ffd85
1637215000,51,13,fe9a01ff
1637225000,51,14,ffeffeb9
1637235000,51,15,0044ff4d
1639115000,51,16,00f10116
1639125000,51,17,007b0005
1639135000,51,18,fe950001
1639145000,51,19,00d70033
1639155000,51,20,00dbff01
1639165000,51,21,fea8fe71
1639175000,51,22,0062037b
1639185000,51,23,01b4fe33
1639195000,51,24,ff970192
1639205000,51,25,fca7feef
1639215000,51,26,0309fecb
1639225000,51,27,ff9d02e5
1639235000,51,28,fe31fbff
1639245000,51,29,017e007f
1639255000,51,30,009c01e1
1639265000,51,31,fea0fda1
1641145000,52,0,015401a9
1641155000,52,1,fdecffdb
1641165000,52,2,00a9ff13
1641175000,52,3,ffc60177
1641185000,52,4,0137fe95
1641195000,52,5,ff32028b
1641205000,52,6,fffcfdd6
1641215000,52,7,007eff9c
1641225000,52,8,ff1a03d5
1641235000,52,9,016cfb3b
1641245000,52,10,fef900fb
1641255000,52,11,ff960101
1641265000,52,12,02a300b9
1641275000,52,13,fd8efe23
1641285000,52,14,001a01f0
1641295000,52,15,000efd88
1643175000,52,16,02b400f1
1643185000,52,17,007d00ab
1643195000,52,18,fde9fe13
1643205000,52,19,01c801ce
1643215000,52,20,ff2bff23
1643225000,52,21,00bcfd67
1643235000,52,22,00530344
1643245000,52,23,ff83fee1
1643255000,52,24,00f400c5
1643265000,52,25,fe6dfea9
1643275000,52,26,0089005d
1643285000,52,27,fe86008a
1643295000,52,28,0109fdff
1643305000,52,29,ffd60185
1643315000,52,30,01cfff94
1643325000,52,31,fd23ff77
1645205000,53,0,ff0bfe50
1645215000,53,1,ff860322
1645225000,53,2,ff52ff44
1645235000,53,3,0204fd88
1645245000,53,4,fe8a0374
1645255000,53,5,00cffe32
1645265000,53,6,00eb00a0
1645275000,53,7,fde4ffe4
1645285000,53,8,01690034
1645295000,53,9,fe34fee4
1645305000,53,10,02da00a0
1645315000,53,11,fe44ffba
1645325000,53,12,01620094
1645335000,53,13,fe07fff4
1645345000,53,14,00890010
1645355000,53,15,0144ff8e
1647235000,53,16,01230158
1647245000,53,17,0000ff18
1647255000,53,18,ff55ffbe
1647265000,53,19,001f0208
1647275000,53,20,fecb0024
1647285000,53,21,01c7fc23
1647295000,53,22,00b90246
1647305000,53,23,fe31ffbb
1647315000,53,24,004b01bc
1647325000,53,25,0130fe48
1647335000,53,26,ff310006
1647345000,53,27,fec100c4
1647355000,53,28,017ffeb0
1647365000,53,29,ff8dfef9
1647375000,53,30,00a101a6
1647385000,53,31,ffa3fe95
1649265000,54,0,0113ff02
1649275000,54,1,fef600ce
1649285000,54,2,ff9afeda
1649295000,54,3,009c007f
1649305000,54,4,002f00ab
1649315000,54,5,0150ffe0
1649325000,54,6,fe2dff61
1649335000,54,7,ff75ff2b
1649345000,54,8,01f50470
1649355000,54,9,fda6fa6e
1649365000,54,10,027200cc
1649375000,54,11,fe8802b7
1649385000,54,12,0149ff1f
1649395000,54,13,fe38006c
1649405000,54,14,018ffdbd
1649415000,54,15,fefb0217
1651295000,54,16,fed9fe66
1651305000,54,17,0193ffca
1651315000,54,18,fda10166
1651325000,54,19,014dfe41
1651335000,54,20,027d00a2
1651345000,54,21,fed8fef2
1651355000,54,22,002a01f2
1651365000,54,23,fed1fec3
1651375000,54,24,01c501e4
1651385000,54,25,fe27ff28
1651395000,54,26,001ffe84
1651405000,54,27,ff9d00e7
1651415000,54,28,0271fe48
1651425000,54,29,fdea0170
1651435000,54,30,0162ffb8
1651445000,54,31,ff910159
1653325000,55,0,ff85fd11
1653335000,55,1,006f0299
1653345000,55,2,fec5fe36
1653355000,55,3,01530177
1653365000,55,4,0091ff3d
1653375000,55,5,ff92ff90
1653385000,55,6,ff5000f7
1653395000,55,7,00390147
1653405000,55,8,ffc1fd69
1653415000,55,9,002d003b
1653425000,55,10,02c3011a
1653435000,55,11,fbadfef7
1653445000,55,12,024d0085
1653455000,55,13,ff4600c0
1653465000,55,14,009cfe3d
1653475000,55,15,ffbb0267
1655355000,55,16,0028fe59
1655365000,55,17,ff05025d
1655375000,55,18,ff13fcb8
1655385000,55,19,02fa02f8
1655395000,55,20,fd33fe46
1655405000,55,21,016affe4
1655415000,55,22,ff5901d5
1655425000,55,23,016ffe80
1655435000,55,24,fdc40167
1655445000,55,25,ffb3febd
1655455000,55,26,00050014
1655465000,55,27,01280048
1655475000,55,28,00b9fd46
1655485000,55,29,fefa0286
1655495000,55,30,ffcfff8b
1655505000,55,31,008b0084
1657385000,56,0,fe370203
1657395000,56,1,017dfdab
1657405000,56,2,fe240191
1657415000,56,3,0155fef2
1657425000,56,4,006e00a4
1657435000,56,5,ff100100
1657445000,56,6,0219fe09
1657455000,56,7,fde7018d
1657465000,56,8,fefbff6f
1657475000,56,9,0229fe53
1657485000,56,10,000000a7
1657495000,56,11,fdcf021c
1657505000,56,12,02ccfe36
1657515000,56,13,fd32ffb6
1657525000,56,14,00cf021b
1657535000,56,15,0195fe09
1659415000,56,16,0044006f
1659425000,56,17,00750102
1659435000,56,18,ff27fe54
1659445000,56,19,011c00cd
1659455000,56,20,fd6700b9
1659465000,56,21,02c4fec8
1659475000,56,22,fe00007e
1659485000,56,23,009dfe8d
1659495000,56,24,01e003ad
1659505000,56,25,fc95fd16
1659515000,56,26,01a5ffaa
1659525000,56,27,fe940229
1659535000,56,28,01b1fda7
1659545000,56,29,fea6ff04
1659555000,56,30,003001e8
1659565000,56,31,0087fe39
1661445000,57,0,ffe30097
1661455000,57,1,fed9fe6a
1661465000,57,2,016e0173
1661475000,57,3,fe63fefb
1661485000,57,4,00b30163
1661495000,57,5,01a4ff08
1661505000,57,6,fec700a3
1661515000,57,7,ff700028
1661525000,57,8,ff0900b9
1661535000,57,9,02effd38
1661545000,57,10,ffda00c7
1661555000,57,11,fc5f0207
1661565000,57,12,0451febd
1661575000,57,13,fda8000a
1661585000,57,14,0061ff93
1661595000,57,15,005a0042
1663475000,57,16,fe78017d
1663485000,57,17,01fefef6
1663495000,57,18,ff92ff10
1663505000,57,19,008000cb
1663515000,57,20,fdba0108
1663525000,57,21,039efda2
1663535000,57,22,ff740221
1663545000,57,23,fdc7fe6d
1663555000,57,24,01940315
1663565000,57,25,fd36fcec
1663575000,57,26,02b0feda
1663585000,57,27,fe0c02b9
1663595000,57,28,00d6fd9a
1663605000,57,29,0052ffe0
1663615000,57,30,ff3e00f1
1663625000,57,31,0049ff1b
1665505000,58,0,008bff4d
1665515000,58,1,fef80080
1665525000,58,2,012a015f
1665535000,58,3,fee8fe10
1665545000,58,4,011900e1
1665555000,58,5,ff900001
1665565000,58,6,0005ff88
1665575000,58,7,fff0018f
1665585000,58,8,fe91ffff
1665595000,58,9,034cfcdc
1665605000,58,10,fdca0287
1665615000,58,11,ff6cffd0
1665625000,58,12,033fff4f
1665635000,58,13,fce8ff8f
1665645000,58,14,007b01c6
1665655000,58,15,0018fef5
1667535000,58,16,0266ff8d
1667545000,58,17,fc720062
1667555000,58,18,0405ff0a
1667565000,58,19,00280134
1667575000,58,20,fdb5ffde
1667585000,58,21,00be00a5
1667595000,58,22,00d8ff3d
1667605000,58,23,fe7900f0
1667615000,58,24,017000c9
1667625000,58,25,fd72fe2e
1667635000,58,26,0075ffae
1667645000,58,27,011a0118
1667655000,58,28,ff55fea4
1667665000,58,29,fffa0043
1667675000,58,30,003e0093
1667685000,58,31,fee9000c
1669565000,59,0,ffd1fe18
1669575000,59,1,ffae010e
1669585000,59,2,00c2fe7a
1669595000,59,3,ff7a0177
1669605000,59,4,fec60011
1669615000,59,5,0376ff89
1669625000,59,6,fd5200cf
1669635000,59,7,0076fe29
1669645000,59,8,feb303c8
1669655000,59,9,02f6fb24
1669665000,59,10,ff02022c
1669675000,59,11,fe7c018b
1669685000,59,12,0246fd57
1669695000,59,13,ff2a00f9
1669705000,59,14,febaff83
1669715000,59,15,00f001e1
1671595000,59,16,000bfeea
1671605000,59,17,ff9eff3f
1671615000,59,18,00590070
1671625000,59,19,0119fede
1671635000,59,20,ffbc0396
1671645000,59,21,fed2fbca
1671655000,59,22,0151022d
1671665000,59,23,fecc00ee
1671675000,59,24,01090026
1671685000,59,25,fccafe1d
1671695000,59,26,021100b2
1671705000,59,27,ff790152
1671715000,59,28,00ecfd66
1671725000,59,29,ff22010e
1671735000,59,30,ff91ff5d
1671745000,59,31,00ce01a6
1673625000,60,0,fecafdf1
1673635000,60,1,01e10091
1673645000,60,2,ff8cfeb2
1673655000,60,3,ff7d0153
1673665000,60,4,ff96ff5d
1673675000,60,5,01e2016f
1673685000,60,6,fd92fe54
1673695000,60,7,024e00bf
1673705000,60,8,fdbc023f
1673715000,60,9,01e7fb8b
1673725000,60,10,0028010a
1673735000,60,11,fe150305
1673745000,60,12,02fcfd2b
1673755000,60,13,fd4600d1
1673765000,60,14,00eafe50
1673775000,60,15,ffe80375
1675655000,60,16,fd3efe77
1675665000,60,17,0214fdfc
1675675000,60,18,00a902c0
1675685000,60,19,feda0010
1675695000,60,20,0138fe74
1675705000,60,21,ff4600cc
1675715000,60,22,004900f3
1675725000,60,23,fee5ff47
1675735000,60,24,01660153
1675745000,60,25,fd52fe0c
1675755000,60,26,0195ff3a
1675765000,60,27,ff6c041e
1675775000,60,28,015cfaba
1675785000,60,29,ff9c022c
1675795000,60,30,fef1fffb
1675805000,60,31,022d014b
1677685000,61,0,fffa0171
1677695000,61,1,0162fe2d
1677705000,61,2,fe8dff7a
1677715000,61,3,007a02a5
1677725000,61,4,0046fe41
1677735000,61,5,015bff95
1677745000,61,6,fde10176
1677755000,61,7,00fafeac
1677765000,61,8,001a026d
1677775000,61,9,fe80fcf3
1677785000,61,10,0323ff5c
1677795000,61,11,fd8601f1
1677805000,61,12,010a00d9
1677815000,61,13,fe9bfee3
1677825000,61,14,01d3fed4
1677835000,61,15,fe66010e
1679715000,61,16,fe4bfdc3
1679725000,61,17,019300d7
1679735000,61,18,009e02ab
1679745000,61,19,fee1fc1b
1679755000,61,20,ff77029c
1679765000,61,21,0161fd67
1679775000,61,22,00460247
1679785000,61,23,ff30ff1d
1679795000,61,24,014b01ab
1679805000,61,25,fdd9fe75
1679815000,61,26,02ea01ad
1679825000,61,27,fd15ff03
1679835000,61,28,019bffa6
1679845000,61,29,ff470009
1679855000,61,30,01b2ff39
1679865000,61,31,ff9e01e1
1681745000,62,0,ffa9ffc2
1681755000,62,1,00060091
1681765000,62,2,00f5ff07
1681775000,62,3,fe6effb8
1681785000,62,4,0115024d
1681795000,62,5,0086fdbb
1681805000,62,6,fef20157
1681815000,62,7,0018fe3a
1681825000,62,8,015304dc
1681835000,62,9,fd66f9ed
1681845000,62,10,035b01a3
1681855000,62,11,fd560112
1681865000,62,12,024300d5
1681875000,62,13,ff3afe13
1681885000,62,14,fe72ffdf
1681895000,62,15,00f00110
1683775000,62,16,0109007e
1683785000,62,17,fee70112
1683795000,62,18,ffbbff2a
1683805000,62,19,01cafe01
1683815000,62,20,fee804ae
1683825000,62,21,00aafc2b
1683835000,62,22,ffcd021e
1683845000,62,23,fd86fec2
1683855000,62,24,032102ac
1683865000,62,25,fd61fd94
1683875000,62,26,0135ff86
1683885000,62,27,fece00e5
1683895000,62,28,0176ffd8
1683905000,62,29,004e016f
1683915000,62,30,fea3fe82
1683925000,62,31,004affa8
1685805000,63,0,0076022a
1685815000,63,1,0095fd8c
1685825000,63,2,00ac007c
1685835000,63,3,fd28010f
1685845000,63,4,0223fe9f
1685855000,63,5,015200d1
1685865000,63,6,fdddffae
1685875000,63,7,0141021e
1685885000,63,8,fe1efc1c
1685895000,63,9,01f50270
1685905000,63,10,ff8efd60
1685915000,63,11,ff140353
1685925000,63,12,00c5fe77
1685935000,63,13,01000047
1685945000,63,14,fda5ff4a
1685955000,63,15,006f003c
1687835000,63,16,fedc0099
1687845000,63,17,00c3fee1
1687855000,63,18,01e50270
1687865000,63,19,fd10fdf7
1687875000,63,20,009c0139
1687885000,63,21,00c5ff30
1687895000,63,22,ff820133
1687905000,63,23,0184ff15
1687915000,63,24,ff8e0119
1687925000,63,25,fdf9ff4f
1687935000,63,26,02c501f0
1687945000,63,27,ff20fe87
1687955000,63,28,fe3e0031
1687965000,63,29,00d7ff88
1687975000,63,30,00e8ffd9
1687985000,63,31,ff8cfffd
